InvoiceNo,StockCode,Description,Quantity,InvoiceDate,UnitPrice,CustomerID,Country
537375,21900,"KEY FOB , SHED",3,2010-12-06 12:55:00,0.65,17019.0,United Kingdom
527380,22030,SWALLOWS GREETING CARD,12,2010-10-17 12:52:00,0.42,14953.0,United Kingdom
525335,22182,CAKE STAND VICTORIAN FILIGREE SMALL,24,2010-10-05 11:24:00,1.45,14298.0,United Kingdom
539718,22470,HEART OF WICKER LARGE,1,2010-12-21 13:06:00,5.91,,United Kingdom
531382,21531,RED RETROSPOT SUGAR JAM BOWL,1,2010-11-07 16:29:00,2.55,16549.0,United Kingdom
530659,84970L,SINGLE HEART ZINC T-LIGHT HOLDER,24,2010-11-04 10:26:00,0.95,15073.0,United Kingdom
530073,22894,TABLECLOTH RED APPLES DESIGN ,1,2010-11-01 12:22:00,8.5,15958.0,United Kingdom
528057,22570,FELTCRAFT CUSHION RABBIT,4,2010-10-20 11:58:00,3.75,18241.0,United Kingdom
539587,22356,CHARLOTTE BAG PINK POLKADOT,40,2010-12-20 13:10:00,0.72,14298.0,United Kingdom
527174,22077,6 RIBBONS RUSTIC CHARM,2,2010-10-15 11:40:00,4.21,,United Kingdom
538172,22041,"RECORD FRAME 7"" SINGLE SIZE ",12,2010-12-10 09:33:00,2.55,15805.0,United Kingdom
539663,22937,BAKING MOULD CHOCOLATE CUPCAKES,1,2010-12-21 10:26:00,2.55,17961.0,United Kingdom
537208,21592,RETROSPOT CIGAR BOX MATCHES ,2,2010-12-05 15:12:00,1.25,15889.0,United Kingdom
526854,22654,DELUXE SEWING KIT ,2,2010-10-13 12:50:00,5.95,14399.0,United Kingdom
538146,37500,TEA TIME TEAPOT IN GIFT BOX,2,2010-12-09 16:10:00,9.95,15596.0,United Kingdom
534388,21818,GLITTER CHRISTMAS HEART ,3,2010-11-22 12:59:00,0.85,14994.0,United Kingdom
525484,21918,SET 12 KIDS COLOUR  CHALK STICKS,24,2010-10-05 15:52:00,0.42,14350.0,United Kingdom
525452,22080,RIBBON REEL SPOTS DESIGN ,10,2010-10-05 14:12:00,1.65,15105.0,United Kingdom
527027,22424,ENAMEL BREAD BIN CREAM,1,2010-10-14 12:10:00,12.75,12838.0,United Kingdom
529991,22526,WHEELBARROW FOR CHILDREN ,1,2010-10-31 16:21:00,12.75,15879.0,United Kingdom
530332,85014B,RED RETROSPOT UMBRELLA,1,2010-11-02 13:57:00,12.72,,United Kingdom
536197,22738,RIBBON REEL SNOWY VILLAGE,5,2010-11-30 13:02:00,1.65,13444.0,United Kingdom
536587,22540,MINI JIGSAW CIRCUS PARADE ,24,2010-12-01 16:33:00,0.42,14142.0,United Kingdom
525410,21430,SET/3 RED GINGHAM ROSE STORAGE BOX,1,2010-10-05 12:37:00,3.75,16393.0,United Kingdom
537434,84406B,CREAM CUPID HEARTS COAT HANGER,1,2010-12-06 16:57:00,6.77,,United Kingdom
529504,21035,SET/2 RED RETROSPOT TEA TOWELS ,1,2010-10-28 14:19:00,5.91,,United Kingdom
539225,22271,FELTCRAFT DOLL ROSIE,6,2010-12-16 13:02:00,2.95,15379.0,United Kingdom
537638,22100,SKULLS SQUARE TISSUE BOX,1,2010-12-07 15:28:00,2.51,,United Kingdom
538708,21620,SET OF 4 ROSE BOTANICAL CANDLES,12,2010-12-14 10:43:00,1.25,16202.0,United Kingdom
537202,22272,FELTCRAFT DOLL MARIA,1,2010-12-05 14:25:00,2.95,14506.0,United Kingdom
534347,22458,CAST IRON HOOK GARDEN FORK,5,2010-11-22 11:52:00,2.55,15024.0,United Kingdom
530015,22745,POPPY'S PLAYHOUSE BEDROOM ,6,2010-11-01 10:42:00,2.1,15365.0,United Kingdom
534859,22952,60 CAKE CASES VINTAGE CHRISTMAS,2,2010-11-24 13:56:00,1.28,,United Kingdom
538078,79321,CHILLI LIGHTS,4,2010-12-09 14:25:00,4.95,16255.0,United Kingdom
531437,22444,GROW YOUR OWN PLANT IN A CAN ,24,2010-11-08 12:20:00,1.25,13377.0,United Kingdom
525002,21715,GIRLS VINTAGE TIN SEASIDE BUCKET,8,2010-10-03 10:27:00,2.55,17022.0,United Kingdom
528586,22415,WHITE TISSUE REAM,1,2010-10-22 13:59:00,7.95,17191.0,United Kingdom
538633,22379,RECYCLING BAG RETROSPOT ,1,2010-12-13 13:28:00,2.1,16726.0,United Kingdom
534389,22163,HEART STRING MEMO HOLDER HANGING,1,2010-11-22 13:02:00,3.36,,United Kingdom
532794,22846,BREAD BIN DINER STYLE RED ,1,2010-11-14 14:17:00,16.95,17497.0,United Kingdom
531435,48188,DOORMAT WELCOME PUPPIES,2,2010-11-08 12:06:00,7.95,14688.0,United Kingdom
528407,22708,WRAP DOLLY GIRL,25,2010-10-22 09:09:00,0.42,17863.0,United Kingdom
529915,22383,LUNCH BAG SUKI  DESIGN ,10,2010-10-31 14:14:00,1.65,15675.0,United Kingdom
532677,22411,JUMBO SHOPPER VINTAGE RED PAISLEY,20,2010-11-14 12:07:00,1.95,15615.0,United Kingdom
527157,22055,MINI CAKE STAND  HANGING STRAWBERY,2,2010-10-15 11:25:00,3.36,,United Kingdom
526940,85049A,TRADITIONAL CHRISTMAS RIBBONS,1,2010-10-14 10:16:00,1.25,18041.0,United Kingdom
533516,22111,SCOTTIE DOG HOT WATER BOTTLE,12,2010-11-17 14:53:00,4.25,16684.0,United Kingdom
527072,21527,RED RETROSPOT TRADITIONAL TEAPOT ,2,2010-10-14 14:14:00,7.95,14296.0,United Kingdom
533080,22458,CAST IRON HOOK GARDEN FORK,8,2010-11-16 09:28:00,2.55,14189.0,United Kingdom
532821,20878,SET/9 CHRISTMAS T-LIGHTS SCENTED ,1,2010-11-14 16:32:00,1.25,14382.0,United Kingdom
536592,22813,PACK 3 BOXES BIRD PANNETONE ,2,2010-12-01 17:06:00,4.21,,United Kingdom
531232,22737,RIBBON REEL CHRISTMAS PRESENT ,5,2010-11-05 17:30:00,1.65,,EIRE
525856,22273,FELTCRAFT DOLL MOLLY,1,2010-10-07 13:05:00,2.95,13569.0,United Kingdom
539451,22817,CARD SUKI BIRTHDAY,2,2010-12-17 16:59:00,0.85,,United Kingdom
535270,21892,TRADITIONAL WOODEN CATCH CUP GAME ,12,2010-11-25 13:41:00,1.25,16126.0,United Kingdom
536989,21991,BOHEMIAN COLLAGE STATIONERY SET,1,2010-12-03 15:10:00,2.95,17238.0,United Kingdom
527520,22817,CARD SUKI BIRTHDAY,2,2010-10-18 13:18:00,0.85,,United Kingdom
533495,22851,SET 20 NAPKINS FAIRY CAKES DESIGN ,12,2010-11-17 13:39:00,0.85,15515.0,United Kingdom
526642,35598D,PINK/WHITE CHRISTMAS TREE 60CM,24,2010-10-12 13:26:00,0.65,12647.0,Germany
537240,22653,BUTTON BOX ,1,2010-12-06 10:08:00,4.21,,United Kingdom
531782,22910,PAPER CHAIN KIT VINTAGE CHRISTMAS,1,2010-11-09 14:48:00,2.95,16021.0,United Kingdom
537204,22601,CHRISTMAS RETROSPOT ANGEL WOOD,3,2010-12-05 14:45:00,0.85,15555.0,United Kingdom
536980,22952,60 CAKE CASES VINTAGE CHRISTMAS,2,2010-12-03 14:26:00,0.55,17819.0,United Kingdom
533114,22614,PACK OF 12 SPACEBOY TISSUES,3,2010-11-16 12:22:00,0.29,14675.0,United Kingdom
537804,85118,HEART T-LIGHT HOLDER,11,2010-12-08 13:17:00,1.25,12748.0,United Kingdom
529322,20973,12 PENCIL SMALL TUBE WOODLAND,2,2010-10-27 14:01:00,0.65,13246.0,United Kingdom
538841,21479,WHITE SKULL HOT WATER BOTTLE ,6,2010-12-14 13:11:00,3.75,16899.0,United Kingdom
526394,84836,ZINC METAL HEART DECORATION,12,2010-10-11 13:25:00,1.25,16527.0,United Kingdom
525882,21836,GINGHAM OVEN GLOVE RED HEART ,1,2010-10-07 14:28:00,7.62,,United Kingdom
537818,22513,DOORSTOP FOOTBALL DESIGN,4,2010-12-08 13:53:00,3.75,12766.0,Portugal
530184,22865,HAND WARMER OWL DESIGN,3,2010-11-02 10:47:00,2.1,17377.0,United Kingdom
531740,21498,RED RETROSPOT WRAP ,75,2010-11-09 12:47:00,0.42,15984.0,United Kingdom
526654,20977,36 PENCILS TUBE WOODLAND,1,2010-10-12 14:14:00,1.25,16932.0,United Kingdom
530332,20902,VINTAGE KEEPSAKE BOX PARIS DAYS,1,2010-11-02 13:57:00,12.72,,United Kingdom
527147,22379,RECYCLING BAG RETROSPOT ,10,2010-10-15 10:49:00,2.1,14168.0,United Kingdom
533528,22865,HAND WARMER OWL DESIGN,12,2010-11-17 15:08:00,2.1,15750.0,United Kingdom
531435,85066,CREAM SWEETHEART MINI CHEST,1,2010-11-08 12:06:00,12.75,14688.0,United Kingdom
535083,22838,"CAKE TIN, 3 TIER RED/IVORY",3,2010-11-25 09:46:00,14.95,14961.0,United Kingdom
537240,85177,BASKET OF FLOWERS SEWING KIT,2,2010-12-06 10:08:00,1.66,,United Kingdom
533154,21754,HOME BUILDING BLOCK WORD,3,2010-11-16 14:01:00,5.95,13458.0,United Kingdom
528615,22581,WOOD STOCKING CHRISTMAS SCANDISPOT,5,2010-10-22 16:36:00,0.85,17231.0,United Kingdom
533338,21314,SMALL GLASS HEART TRINKET POT,8,2010-11-16 18:18:00,4.21,,United Kingdom
533027,22614,PACK OF 12 SPACEBOY TISSUES,111,2010-11-15 16:02:00,1.0,,United Kingdom
529810,22469,HEART OF WICKER SMALL,2,2010-10-31 11:01:00,1.65,16010.0,United Kingdom
538071,20975,12 PENCILS SMALL TUBE RED RETROSPOT,9,2010-12-09 14:09:00,1.28,,United Kingdom
531279,22690,DOORMAT HOME SWEET HOME BLUE ,4,2010-11-07 11:54:00,7.95,17525.0,United Kingdom
538722,22120,WELCOME  WOODEN BLOCK LETTERS,2,2010-12-14 11:12:00,9.95,17975.0,United Kingdom
538349,21257,VICTORIAN SEWING BOX MEDIUM,1,2010-12-10 14:59:00,16.13,,United Kingdom
537617,20972,PINK CREAM FELT CRAFT TRINKET BOX ,12,2010-12-07 13:45:00,1.25,16086.0,United Kingdom
526405,22379,RECYCLING BAG RETROSPOT ,1,2010-10-11 13:53:00,4.21,,United Kingdom
536755,84870B,BLUE GEISHA GIRL ,1,2010-12-02 14:14:00,3.75,,United Kingdom
537240,22069,BROWN  PIRATE TREASURE CHEST ,3,2010-12-06 10:08:00,3.36,,United Kingdom
528759,22294,HEART FILIGREE DOVE  SMALL,24,2010-10-24 15:29:00,1.25,15337.0,United Kingdom
536956,21907,I'M ON HOLIDAY METAL SIGN,12,2010-12-03 12:43:00,2.1,14210.0,United Kingdom
539451,22071,SMALL WHITE RETROSPOT MUG IN BOX ,1,2010-12-17 16:59:00,7.62,,United Kingdom
530657,22453,MEASURING TAPE BABUSHKA BLUE,1,2010-11-04 10:13:00,2.95,12933.0,United Kingdom
528621,84670,JAPANESE CROCHETED ANIMAL,12,2010-10-24 10:41:00,0.42,14800.0,United Kingdom
535322,22124,SET OF 2 TEA TOWELS PING MICROWAVE,1,2010-11-25 15:19:00,2.51,,United Kingdom
533506,21871,SAVE THE PLANET MUG,12,2010-11-17 14:20:00,1.25,14152.0,United Kingdom
531350,21114,LAVENDER SCENTED FABRIC HEART,20,2010-11-07 13:31:00,1.25,12748.0,United Kingdom
537381,84029E,RED WOOLLY HOTTIE WHITE HEART.,6,2010-12-06 13:13:00,3.75,14667.0,United Kingdom
538379,21378,SMALL TALL CAMPHOR WOOD TOADSTOOL,6,2010-12-12 11:26:00,1.65,17126.0,United Kingdom
537392,21481,FAWN BLUE HOT WATER BOTTLE,4,2010-12-06 13:58:00,2.95,17068.0,United Kingdom
530001,22518,CHILDS GARDEN BRUSH BLUE,1,2010-11-01 09:13:00,4.21,,United Kingdom
538349,22637,PIGGY BANK RETROSPOT ,1,2010-12-10 14:59:00,5.06,,United Kingdom
532435,21716,BOYS VINTAGE TIN SEASIDE BUCKET,8,2010-11-12 10:51:00,2.55,17076.0,United Kingdom
526108,20972,PINK CREAM FELT CRAFT TRINKET BOX ,6,2010-10-08 12:48:00,1.25,14904.0,United Kingdom
530288,22738,RIBBON REEL SNOWY VILLAGE,2,2010-11-02 12:16:00,1.65,14593.0,United Kingdom
525495,22077,6 RIBBONS RUSTIC CHARM,12,2010-10-05 16:34:00,1.65,15249.0,United Kingdom
532289,22727,ALARM CLOCK BAKELIKE RED ,8,2010-11-11 13:26:00,3.75,14004.0,United Kingdom
534030,20685,DOORMAT RED RETROSPOT,2,2010-11-19 15:13:00,7.95,12721.0,France
531333,22752,SET 7 BABUSHKA NESTING BOXES,3,2010-11-07 12:31:00,8.5,17774.0,United Kingdom
526247,20725,LUNCH BAG RED RETROSPOT,10,2010-10-11 10:04:00,1.65,14389.0,United Kingdom
529821,82583,HOT BATHS METAL SIGN,1,2010-10-31 11:32:00,2.1,13677.0,United Kingdom
537638,22942,CHRISTMAS LIGHTS 10 SANTAS ,2,2010-12-07 15:28:00,8.47,,United Kingdom
539272,22371,AIRLINE BAG VINTAGE TOKYO 78,4,2010-12-16 15:29:00,4.25,15759.0,United Kingdom
532252,22750,FELTCRAFT PRINCESS LOLA DOLL,8,2010-11-11 12:45:00,3.75,17416.0,United Kingdom
529841,21114,LAVENDER SCENTED FABRIC HEART,30,2010-10-31 12:41:00,1.25,14918.0,United Kingdom
537666,85015,SET OF 12  VINTAGE POSTCARD SET,1,2010-12-07 18:36:00,2.51,,United Kingdom
536031,22686,FRENCH BLUE METAL DOOR SIGN No,1,2010-11-29 16:45:00,2.51,,United Kingdom
533920,20727,LUNCH BAG  BLACK SKULL.,1,2010-11-19 12:00:00,1.65,17360.0,United Kingdom
537434,21098,CHRISTMAS TOILET ROLL,17,2010-12-06 16:57:00,2.51,,United Kingdom
535266,21232,STRAWBERRY CERAMIC TRINKET BOX,4,2010-11-25 13:32:00,1.25,14159.0,United Kingdom
528098,85039B,S/4 IVORY MINI ROSE CANDLE IN BOWL,24,2010-10-20 13:30:00,0.42,13740.0,United Kingdom
531240,22355,CHARLOTTE BAG SUKI DESIGN,10,2010-11-07 10:43:00,0.85,16746.0,United Kingdom
528060,22595,CHRISTMAS GINGHAM HEART,12,2010-10-20 12:13:00,0.85,16776.0,United Kingdom
530763,22169,FAMILY ALBUM WHITE PICTURE FRAME,2,2010-11-04 11:59:00,8.5,15379.0,United Kingdom
539746,22456,NATURAL SLATE CHALKBOARD LARGE ,1,2010-12-21 15:22:00,10.17,,United Kingdom
537434,84946,ANTIQUE SILVER TEA GLASS ETCHED,29,2010-12-06 16:57:00,2.51,,United Kingdom
537059,22867,HAND WARMER BIRD DESIGN,4,2010-12-05 11:54:00,2.1,14813.0,United Kingdom
531138,22112,CHOCOLATE HOT WATER BOTTLE,24,2010-11-05 14:09:00,4.25,13089.0,United Kingdom
539920,22798,ANTIQUE GLASS DRESSING TABLE POT,4,2010-12-23 11:06:00,2.95,14085.0,United Kingdom
538012,21361,LOVE LARGE WOOD LETTERS ,1,2010-12-09 12:32:00,12.75,14527.0,United Kingdom
534459,90118,PINK DAISY BAG CHARM,2,2010-11-23 09:12:00,2.51,,United Kingdom
537900,84625A,PINK NEW BAROQUECANDLESTICK CANDLE,4,2010-12-09 10:45:00,2.95,15983.0,United Kingdom
533986,22766,PHOTO FRAME CORNICE,1,2010-11-19 13:52:00,2.95,18036.0,United Kingdom
533127,35095B,RED VICTORIAN FABRIC OVAL BOX,24,2010-11-16 12:46:00,0.42,13611.0,United Kingdom
529996,84969,BOX OF 6 ASSORTED COLOUR TEASPOONS,1,2010-11-01 08:57:00,4.25,,United Kingdom
527970,21360,JOY LARGE WOOD LETTERS,1,2010-10-20 10:03:00,9.95,13981.0,United Kingdom
536364,21098,CHRISTMAS TOILET ROLL,12,2010-11-30 19:35:00,1.25,14441.0,United Kingdom
535993,21390,FILIGRIS HEART WITH BUTTERFLY,24,2010-11-29 13:42:00,1.25,12870.0,United Kingdom
526913,22113,GREY HEART HOT WATER BOTTLE,8,2010-10-13 16:09:00,3.75,17409.0,United Kingdom
525892,79192A,RETRO PLASTIC 70'S TRAY,4,2010-10-07 15:09:00,1.25,16411.0,United Kingdom
527366,21086,SET/6 RED SPOTTY PAPER CUPS,2,2010-10-17 11:24:00,0.65,15571.0,United Kingdom
528367,21481,FAWN BLUE HOT WATER BOTTLE,4,2010-10-21 16:29:00,2.95,13077.0,United Kingdom
537196,21213,PACK OF 72 SKULL CAKE CASES,1,2010-12-05 13:55:00,0.55,15426.0,United Kingdom
528588,84029G,KNITTED UNION FLAG HOT WATER BOTTLE,3,2010-10-22 14:04:00,3.75,14080.0,United Kingdom
538205,22561,WOODEN SCHOOL COLOURING SET,3,2010-12-10 11:24:00,1.65,12748.0,United Kingdom
534389,21158,MOODY GIRL DOOR HANGER ,1,2010-11-22 13:02:00,3.36,,United Kingdom
536477,22633,HAND WARMER UNION JACK,12,2010-12-01 12:27:00,2.1,16210.0,United Kingdom
526215,22314,OFFICE MUG WARMER CHOC+BLUE,2,2010-10-10 14:18:00,2.95,17085.0,United Kingdom
533644,35961,FOLKART ZINC HEART CHRISTMAS DEC,8,2010-11-18 13:00:00,0.85,15024.0,United Kingdom
533554,22563,HAPPY STENCIL CRAFT,1,2010-11-17 17:16:00,1.25,13605.0,United Kingdom
536446,10133,COLOURING PENCILS BROWN TUBE,5,2010-12-01 12:15:00,0.85,15983.0,United Kingdom
535407,22165,"DIAMANTE HEART SHAPED WALL MIRROR, ",2,2010-11-26 11:20:00,11.02,,United Kingdom
536849,22728,ALARM CLOCK BAKELIKE PINK,39,2010-12-03 09:45:00,3.75,17396.0,United Kingdom
530843,22794,SWEETHEART WIRE MAGAZINE RACK,4,2010-11-04 14:21:00,7.95,14895.0,United Kingdom
537262,84985A,SET OF 72 GREEN PAPER DOILIES,4,2010-12-06 11:26:00,1.45,15039.0,United Kingdom
525055,22120,WELCOME  WOODEN BLOCK LETTERS,1,2010-10-03 13:56:00,9.95,16407.0,United Kingdom
538201,22733,3D TRADITIONAL CHRISTMAS STICKERS,1,2010-12-10 11:12:00,1.25,15723.0,United Kingdom
539338,21210,SET OF 72 RETROSPOT PAPER  DOILIES,288,2010-12-17 10:54:00,1.45,17404.0,Sweden
527400,22796,PHOTO FRAME 3 CLASSIC HANGING,12,2010-10-17 13:59:00,8.5,14175.0,United Kingdom
538255,47591D,PINK FAIRY CAKE CHILDRENS APRON,8,2010-12-10 12:33:00,1.95,14911.0,EIRE
537034,84375,SET OF 20 KIDS COOKIE CUTTERS,12,2010-12-03 17:20:00,2.1,13081.0,United Kingdom
531271,22371,AIRLINE BAG VINTAGE TOKYO 78,1,2010-11-07 11:52:00,4.25,16401.0,United Kingdom
537395,22730,ALARM CLOCK BAKELIKE IVORY,1,2010-12-06 14:05:00,3.75,15356.0,United Kingdom
532764,22753,SMALL YELLOW BABUSHKA NOTEBOOK ,1,2010-11-14 14:07:00,0.85,14684.0,United Kingdom
527380,17164B,ASS COL SMALL SAND GECKO P'WEIGHT,32,2010-10-17 12:52:00,0.42,14953.0,United Kingdom
531791,21348,PINK SPOTS CHOCOLATE NESTING BOXES ,12,2010-11-09 15:11:00,2.95,14841.0,United Kingdom
534658,22383,LUNCH BAG SUKI  DESIGN ,1,2010-11-23 13:36:00,1.65,18118.0,United Kingdom
528574,22679,"FRENCH BLUE METAL DOOR SIGN, 4",10,2010-10-22 13:10:00,1.25,13106.0,United Kingdom
535090,51014C,"FEATHER PEN,COAL BLACK",12,2010-11-25 10:11:00,0.85,13958.0,United Kingdom
524955,21115,ROSE CARAVAN DOORSTOP,2,2010-10-01 13:21:00,6.75,16606.0,United Kingdom
539434,84832,ZINC WILLIE WINKIE  CANDLE STICK,2,2010-12-17 14:41:00,1.66,,United Kingdom
539318,21977,PACK OF 60 PINK PAISLEY CAKE CASES,24,2010-12-16 19:09:00,0.55,12348.0,Finland
531204,22379,RECYCLING BAG RETROSPOT ,48,2010-11-05 15:25:00,2.1,17389.0,United Kingdom
536039,22912,YELLOW COAT RACK PARIS FASHION,2,2010-11-29 17:19:00,4.95,17223.0,United Kingdom
528952,16236,KITTY PENCIL ERASERS,3,2010-10-25 16:57:00,0.43,,United Kingdom
536255,22798,ANTIQUE GLASS DRESSING TABLE POT,8,2010-11-30 15:02:00,2.95,13267.0,United Kingdom
527292,85150,LADIES & GENTLEMEN METAL SIGN,1,2010-10-15 14:09:00,5.06,,United Kingdom
537140,22071,SMALL WHITE RETROSPOT MUG IN BOX ,1,2010-12-05 12:53:00,3.75,12748.0,United Kingdom
531863,22554,PLASTERS IN TIN WOODLAND ANIMALS,1,2010-11-10 10:50:00,1.65,13671.0,United Kingdom
537372,21523,DOORMAT FANCY FONT HOME SWEET HOME,2,2010-12-06 12:52:00,7.95,16919.0,United Kingdom
536251,22157,ANGEL DECORATION WITH LACE PADDED,48,2010-11-30 14:49:00,0.85,15856.0,United Kingdom
536754,22972,CHILDREN'S SPACEBOY MUG,2,2010-12-02 14:09:00,1.65,14449.0,United Kingdom
529504,22595,CHRISTMAS GINGHAM HEART,1,2010-10-28 14:19:00,1.66,,United Kingdom
528367,22114,HOT WATER BOTTLE TEA AND SYMPATHY,6,2010-10-21 16:29:00,3.95,13077.0,United Kingdom
533366,47570B,TEA TIME TABLE CLOTH,2,2010-11-17 10:26:00,10.65,13004.0,United Kingdom
528613,21326,AGED GLASS SILVER T-LIGHT HOLDER,3,2010-10-22 15:57:00,1.66,,United Kingdom
537081,22306,SILVER MUG BONE CHINA TREE OF LIFE,36,2010-12-05 12:00:00,1.65,15332.0,Lithuania
536865,21257,VICTORIAN SEWING BOX MEDIUM,2,2010-12-03 11:28:00,16.13,,United Kingdom
524871,84987,SET OF 36 TEATIME PAPER DOILIES,12,2010-10-01 10:04:00,1.45,12935.0,United Kingdom
536544,22309,TEA COSY RED  STRIPE,1,2010-12-01 14:32:00,5.06,,United Kingdom
532430,21121,SET/10 RED POLKADOT PARTY CANDLES,24,2010-11-12 10:20:00,1.25,12352.0,Norway
535839,22469,HEART OF WICKER SMALL,40,2010-11-29 10:11:00,1.45,13408.0,United Kingdom
525221,22651,GENTLEMAN SHIRT REPAIR KIT ,1,2010-10-04 12:51:00,1.66,,United Kingdom
527382,90018C,SILVER BLACK ORBIT DROP EARRINGS,1,2010-10-17 12:59:00,4.25,15774.0,United Kingdom
533136,22375,AIRLINE BAG VINTAGE JET SET BROWN,1,2010-11-16 12:52:00,4.25,17203.0,United Kingdom
532085,37370,RETRO COFFEE MUGS ASSORTED,72,2010-11-10 15:20:00,1.06,14031.0,United Kingdom
530511,79321,CHILLI LIGHTS,24,2010-11-03 12:11:00,4.25,16353.0,United Kingdom
526151,22166,"WALL MIRROR , RECT DIAMANTE, PINK/",1,2010-10-08 15:19:00,7.62,,United Kingdom
530562,21904,HOUSE WRECKING METAL SIGN ,1,2010-11-03 13:47:00,2.1,16012.0,United Kingdom
537638,72807A,SET/3 ROSE CANDLE IN JEWELLED BOX,3,2010-12-07 15:28:00,8.47,,United Kingdom
526642,84279P,CHERRY BLOSSOM  DECORATIVE FLASK,12,2010-10-12 13:26:00,3.39,12647.0,Germany
526764,21245,GREEN POLKADOT PLATE ,5,2010-10-13 11:10:00,1.69,17179.0,United Kingdom
539458,22812,PACK 3 BOXES CHRISTMAS PANNETONE,6,2010-12-17 17:30:00,1.95,,United Kingdom
535825,71477,COLOUR GLASS. STAR T-LIGHT HOLDER,24,2010-11-28 16:21:00,2.75,13946.0,United Kingdom
526389,22524,CHILDRENS GARDEN GLOVES BLUE,10,2010-10-11 12:53:00,1.25,12797.0,Portugal
536876,21135,VICTORIAN  METAL POSTCARD SPRING,8,2010-12-03 11:36:00,1.69,,United Kingdom
527536,22112,CHOCOLATE HOT WATER BOTTLE,1,2010-10-18 13:22:00,4.95,14667.0,United Kingdom
527754,22186,RED STAR CARD HOLDER,2,2010-10-18 17:05:00,2.95,15710.0,United Kingdom
537781,20963,APPLE BATH SPONGE,1,2010-12-08 12:46:00,1.25,17341.0,United Kingdom
535576,22625,RED KITCHEN SCALES,2,2010-11-26 15:37:00,8.5,12865.0,Austria
537237,84992,72 SWEETHEART FAIRY CAKE CASES,1,2010-12-06 09:58:00,1.28,,United Kingdom
528641,85132A,CHARLIE + LOLA BISCUITS TINS,12,2010-10-24 11:49:00,1.95,12494.0,France
531244,22377,BOTTLE BAG RETROSPOT ,5,2010-11-07 10:48:00,2.1,16640.0,United Kingdom
536805,22491,PACK OF 12 COLOURED PENCILS,24,2010-12-02 16:38:00,0.85,14775.0,United Kingdom
536637,22920,HERB MARKER BASIL,1,2010-12-02 11:35:00,0.65,18041.0,United Kingdom
534389,22865,HAND WARMER OWL DESIGN,3,2010-11-22 13:02:00,4.21,,United Kingdom
529833,84536B,FAIRY CAKES NOTEBOOK A7 SIZE,3,2010-10-31 12:32:00,0.42,16791.0,United Kingdom
537077,21976,PACK OF 60 MUSHROOM CAKE CASES,4,2010-12-05 11:59:00,0.55,17062.0,United Kingdom
539453,22386,JUMBO BAG PINK POLKADOT,1,2010-12-17 17:08:00,4.21,,United Kingdom
538488,21032,SPACE CADET WHITE,6,2010-12-12 12:41:00,1.25,13715.0,United Kingdom
529586,35970,ZINC FOLKART SLEIGH BELLS,1,2010-10-28 19:41:00,1.69,16780.0,United Kingdom
539050,21901,"KEY FOB , BACK DOOR ",1,2010-12-15 16:21:00,0.65,12577.0,France
532139,72815,3 WICK CHRISTMAS BRIAR CANDLE ,3,2010-11-11 11:18:00,4.21,,United Kingdom
533977,21668,RED STRIPE CERAMIC DRAWER KNOB,3,2010-11-19 13:31:00,1.25,15311.0,United Kingdom
538071,22816,CARD MOTORBIKE SANTA,18,2010-12-09 14:09:00,0.85,,United Kingdom
537638,22091,EMPIRE TISSUE BOX,1,2010-12-07 15:28:00,2.51,,United Kingdom
533362,20974,12 PENCILS SMALL TUBE SKULL,168,2010-11-17 10:10:00,0.65,16422.0,United Kingdom
534709,22133,PINK LOVE HEART SHAPE CUP,2,2010-11-23 16:53:00,1.66,,United Kingdom
536562,21231,SWEETHEART CERAMIC TRINKET BOX,12,2010-12-01 15:08:00,1.25,13468.0,United Kingdom
534887,22296,HEART IVORY TRELLIS LARGE,3,2010-11-24 14:55:00,1.65,16903.0,United Kingdom
527468,22804,CANDLEHOLDER PINK HANGING HEART,3,2010-10-18 11:09:00,2.95,17377.0,United Kingdom
530796,47591D,PINK FAIRY CAKE CHILDRENS APRON,1,2010-11-04 12:27:00,1.95,16391.0,United Kingdom
530094,22796,PHOTO FRAME 3 CLASSIC HANGING,2,2010-11-01 13:56:00,9.95,18127.0,United Kingdom
526217,21054,NURSE'S BAG SOFT TOY,2,2010-10-10 14:30:00,8.95,14390.0,United Kingdom
532738,22694,WICKER STAR ,6,2010-11-14 13:03:00,2.1,13668.0,United Kingdom
525236,35004c,SET OF 3 COLOURED  FLYING DUCKS,1,2010-10-04 14:31:00,12.72,,United Kingdom
538071,37370,RETRO COFFEE MUGS ASSORTED,1,2010-12-09 14:09:00,16.13,,United Kingdom
537335,22745,POPPY'S PLAYHOUSE BEDROOM ,1,2010-12-06 12:15:00,2.1,15048.0,United Kingdom
530299,22335,HEART DECORATION PAINTED ZINC ,11,2010-11-02 12:48:00,0.65,14449.0,United Kingdom
538071,82616C,MIDNIGHT GLAMOUR SCARF KNITTING KIT,2,2010-12-09 14:09:00,2.51,,United Kingdom
530014,22636,CHILDS BREAKFAST SET CIRCUS PARADE,1,2010-11-01 10:37:00,8.5,17238.0,United Kingdom
525011,84991,60 TEATIME FAIRY CAKE CASES,48,2010-10-03 10:52:00,0.55,14156.0,EIRE
526403,85131D,BEADED CRYSTAL HEART PINK ON STICK,1,2010-10-11 13:49:00,0.85,,United Kingdom
538883,84884a,ANT WHITE WIRE HEART SPIRAL,2,2010-12-14 15:56:00,8.47,,United Kingdom
537227,22193,RED DINER WALL CLOCK,2,2010-12-06 08:42:00,8.5,17677.0,United Kingdom
526163,21479,WHITE SKULL HOT WATER BOTTLE ,1,2010-10-08 17:28:00,3.75,15579.0,United Kingdom
530280,90042C,FRESHWATER PEARL BRACELET IVORY,4,2010-11-02 12:02:00,2.55,16117.0,United Kingdom
526273,21259,VICTORIAN SEWING BOX SMALL ,1,2010-10-11 11:34:00,5.95,16520.0,United Kingdom
525476,21174,POTTERING IN THE SHED METAL SIGN,12,2010-10-05 15:25:00,1.95,,United Kingdom
532617,22202,MILK PAN PINK POLKADOT,1,2010-11-12 15:23:00,7.62,,United Kingdom
526403,62094B,TURQ ICE CREAM BUM BAG ,1,2010-10-11 13:49:00,5.06,,United Kingdom
536531,22730,ALARM CLOCK BAKELIKE IVORY,9,2010-12-01 13:23:00,3.75,15485.0,United Kingdom
530433,21932,SCANDINAVIAN PAISLEY PICNIC BAG,5,2010-11-03 10:46:00,2.95,12673.0,Germany
531439,22699,ROSES REGENCY TEACUP AND SAUCER ,2,2010-11-08 12:22:00,2.95,12748.0,United Kingdom
538040,22659,LUNCH BOX I LOVE LONDON,3,2010-12-09 13:08:00,1.95,16520.0,United Kingdom
535816,22469,HEART OF WICKER SMALL,4,2010-11-28 15:25:00,1.65,14986.0,United Kingdom
529850,22149,FELTCRAFT 6 FLOWER FRIENDS,2,2010-10-31 13:35:00,2.1,16788.0,United Kingdom
537065,21892,TRADITIONAL WOODEN CATCH CUP GAME ,12,2010-12-05 11:57:00,1.25,12567.0,France
527890,22572,ROCKING HORSE GREEN CHRISTMAS ,12,2010-10-19 12:15:00,0.85,17365.0,United Kingdom
539434,22621,TRADITIONAL KNITTING NANCY,1,2010-12-17 14:41:00,3.36,,United Kingdom
537666,22495,SET OF 2 ROUND TINS CAMEMBERT ,1,2010-12-07 18:36:00,5.91,,United Kingdom
537781,21328,BALLOONS  WRITING SET ,1,2010-12-08 12:46:00,1.65,17341.0,United Kingdom
535465,82605,OLD DOC RUSSEL METAL SIGN,1,2010-11-26 13:22:00,2.1,16254.0,United Kingdom
530611,22457,NATURAL SLATE HEART CHALKBOARD ,6,2010-11-03 15:39:00,2.95,13049.0,United Kingdom
535472,22466,FAIRY TALE COTTAGE NIGHTLIGHT,12,2010-11-26 13:50:00,1.95,12637.0,France
534164,22662,LUNCH BAG DOLLY GIRL DESIGN,1,2010-11-21 13:13:00,1.65,16241.0,United Kingdom
529296,85039A,SET/4 RED MINI ROSE CANDLE IN BOWL,24,2010-10-27 12:20:00,0.42,15159.0,United Kingdom
527043,21213,PACK OF 72 SKULL CAKE CASES,2,2010-10-14 12:32:00,0.55,18090.0,United Kingdom
527077,22382,LUNCH BAG SPACEBOY DESIGN ,10,2010-10-14 15:23:00,1.65,13093.0,United Kingdom
537772,22082,RIBBON REEL STRIPES DESIGN ,5,2010-12-08 12:35:00,1.65,18043.0,United Kingdom
534513,21755,LOVE BUILDING BLOCK WORD,7,2010-11-23 11:52:00,5.95,17975.0,United Kingdom
533004,21174,POTTERING IN THE SHED METAL SIGN,1,2010-11-15 15:03:00,1.95,17231.0,United Kingdom
534389,82482,WOODEN PICTURE FRAME WHITE FINISH,15,2010-11-22 13:02:00,2.55,,United Kingdom
534194,85152,HAND OVER THE CHOCOLATE   SIGN ,1,2010-11-21 14:36:00,2.1,13069.0,United Kingdom
535396,85049E,SCANDINAVIAN REDS RIBBONS,12,2010-11-26 10:43:00,1.25,12540.0,Spain
539451,21934,SKULL SHOULDER BAG,1,2010-12-17 16:59:00,3.36,,United Kingdom
526042,10120,DOGGY RUBBER,30,2010-10-08 11:49:00,0.21,17864.0,United Kingdom
538095,20828,GLITTER BUTTERFLY CLIPS,1,2010-12-09 14:55:00,2.55,17097.0,Spain
537645,22681,FRENCH BLUE METAL DOOR SIGN 6,1,2010-12-07 15:34:00,2.51,,United Kingdom
537464,22866,HAND WARMER SCOTTY DOG DESIGN,24,2010-12-07 10:14:00,2.1,14907.0,United Kingdom
527104,21822,GLITTER CHRISTMAS TREE WITH BELLS,24,2010-10-14 17:09:00,1.95,14911.0,EIRE
526181,82482,WOODEN PICTURE FRAME WHITE FINISH,6,2010-10-10 11:47:00,2.55,12862.0,United Kingdom
534055,22178,VICTORIAN GLASS HANGING T-LIGHT,36,2010-11-21 10:40:00,1.25,14961.0,United Kingdom
539451,35957,SMALLFOLKART BAUBLE CHRISTMAS DEC,2,2010-12-17 16:59:00,1.66,,United Kingdom
532757,22195,LARGE HEART MEASURING SPOONS,1,2010-11-14 13:42:00,1.65,17288.0,United Kingdom
527362,21488,RED WHITE SCARF  HOT WATER BOTTLE,4,2010-10-17 10:57:00,3.95,14907.0,United Kingdom
530809,22840,ROUND CAKE TIN VINTAGE RED,3,2010-11-04 13:02:00,7.95,13772.0,United Kingdom
529315,22244,"HOOK, 3 HANGER ,MAGIC GARDEN",12,2010-10-27 13:29:00,1.95,14911.0,EIRE
529270,22835,HOT WATER BOTTLE I AM SO POORLY,1,2010-10-27 11:50:00,4.65,14527.0,United Kingdom
536991,22573,STAR WOODEN CHRISTMAS DECORATION,6,2010-12-03 15:16:00,0.85,,United Kingdom
534859,22161,HEART DECORATION RUSTIC HANGING ,1,2010-11-24 13:56:00,0.81,,United Kingdom
528076,22063,CERAMIC BOWL WITH STRAWBERRY DESIGN,6,2010-10-20 12:42:00,2.95,16523.0,United Kingdom
534388,21243,PINK  POLKADOT PLATE ,1,2010-11-22 12:59:00,1.69,14994.0,United Kingdom
529079,22158,3 HEARTS HANGING DECORATION RUSTIC,8,2010-10-26 13:00:00,2.95,16034.0,United Kingdom
531440,22712,CARD DOLLY GIRL ,12,2010-11-08 12:28:00,0.42,16470.0,United Kingdom
535322,22614,PACK OF 12 SPACEBOY TISSUES,1,2010-11-25 15:19:00,0.85,,United Kingdom
530818,22736,RIBBON REEL MAKING SNOWMEN ,1,2010-11-04 13:14:00,1.65,13772.0,United Kingdom
526495,21754,HOME BUILDING BLOCK WORD,3,2010-10-12 09:47:00,5.95,13921.0,United Kingdom
534767,20983,12 PENCILS TALL TUBE RED RETROSPOT,12,2010-11-24 10:30:00,0.85,16125.0,United Kingdom
537240,21262,WHITE GOOSE FEATHER CHRISTMAS TREE ,2,2010-12-06 10:08:00,7.62,,United Kingdom
527095,22718,CARD CAT AND TREE ,12,2010-10-14 16:24:00,0.42,17823.0,United Kingdom
525952,22535,MAGIC DRAWING SLATE BUNNIES ,1,2010-10-07 19:03:00,0.42,14525.0,United Kingdom
537641,22488,NATURAL SLATE RECTANGLE CHALKBOARD,1,2010-12-07 15:32:00,3.36,,United Kingdom
537133,22114,HOT WATER BOTTLE TEA AND SYMPATHY,1,2010-12-05 12:29:00,3.95,18156.0,United Kingdom
525087,84947,ANTIQUE SILVER TEA GLASS ENGRAVED,12,2010-10-03 16:00:00,1.25,13326.0,United Kingdom
527017,40016,CHINESE DRAGON PAPER LANTERNS,24,2010-10-14 11:43:00,0.42,14696.0,United Kingdom
530422,22178,VICTORIAN GLASS HANGING T-LIGHT,4,2010-11-03 09:36:00,2.51,,United Kingdom
528657,22429,ENAMEL MEASURING JUG CREAM,1,2010-10-24 12:44:00,4.25,14277.0,France
534163,82482,WOODEN PICTURE FRAME WHITE FINISH,6,2010-11-21 13:00:00,2.55,14512.0,United Kingdom
535821,22699,ROSES REGENCY TEACUP AND SAUCER ,6,2010-11-28 15:52:00,2.95,17707.0,United Kingdom
535783,22694,WICKER STAR ,1,2010-11-28 13:56:00,2.1,15547.0,United Kingdom
529847,85040A,S/4 PINK FLOWER CANDLES IN BOWL,4,2010-10-31 13:23:00,1.65,13050.0,United Kingdom
534020,22568,FELTCRAFT CUSHION OWL,2,2010-11-19 14:40:00,3.75,15846.0,United Kingdom
526155,21211,SET OF 72 SKULL PAPER  DOILIES,96,2010-10-08 15:56:00,1.45,17404.0,Sweden
528633,22583,PACK OF 6 HANDBAG GIFT BOXES,1,2010-10-24 11:25:00,2.55,13544.0,United Kingdom
533501,22732,3D VINTAGE CHRISTMAS STICKERS ,2,2010-11-17 13:50:00,1.25,15862.0,United Kingdom
524942,22452,MEASURING TAPE BABUSHKA PINK,6,2010-10-01 12:17:00,2.95,12639.0,Sweden
533761,22150,3 STRIPEY MICE FELTCRAFT,1,2010-11-18 14:52:00,1.95,17841.0,United Kingdom
531245,22908,PACK OF 20 NAPKINS RED APPLES,2,2010-11-07 10:53:00,0.85,13259.0,United Kingdom
535124,21484,CHICK GREY HOT WATER BOTTLE,24,2010-11-25 11:34:00,3.45,13851.0,United Kingdom
531550,84625A,PINK NEW BAROQUECANDLESTICK CANDLE,6,2010-11-09 09:13:00,2.95,14114.0,United Kingdom
534389,22692,DOORMAT WELCOME TO OUR HOME,1,2010-11-22 13:02:00,7.95,,United Kingdom
538566,84031B,CHARLIE LOLA BLUE HOT WATER BOTTLE ,3,2010-12-13 11:21:00,4.21,,United Kingdom
539453,71053,WHITE METAL LANTERN,1,2010-12-17 17:08:00,8.47,,United Kingdom
537374,22075,6 RIBBONS ELEGANT CHRISTMAS ,3,2010-12-06 12:55:00,1.65,17259.0,United Kingdom
537823,84032B,CHARLIE + LOLA RED HOT WATER BOTTLE,1,2010-12-08 14:25:00,3.36,,United Kingdom
539294,22278,OVERNIGHT BAG VINTAGE ROSE PAISLEY,1,2010-12-16 16:45:00,4.95,15532.0,United Kingdom
535835,22620,4 TRADITIONAL SPINNING TOPS,1,2010-11-29 09:46:00,2.51,,United Kingdom
528385,22456,NATURAL SLATE CHALKBOARD LARGE ,1,2010-10-21 18:31:00,4.95,14686.0,United Kingdom
529215,22942,CHRISTMAS LIGHTS 10 SANTAS ,2,2010-10-27 10:42:00,8.5,12591.0,Italy
531843,22111,SCOTTIE DOG HOT WATER BOTTLE,2,2010-11-10 09:34:00,11.02,,United Kingdom
529987,20754,RETROSPOT RED WASHING UP GLOVES,1,2010-10-31 15:54:00,2.1,18116.0,United Kingdom
526153,22374,AIRLINE BAG VINTAGE JET SET RED,4,2010-10-08 15:30:00,4.25,14911.0,EIRE
537823,21813,GARLAND WITH STARS AND BELLS,2,2010-12-08 14:25:00,10.17,,United Kingdom
539502,22312,OFFICE MUG WARMER POLKADOT,2,2010-12-20 11:14:00,2.95,14099.0,United Kingdom
537144,22198,LARGE POPCORN HOLDER ,2,2010-12-05 13:00:00,1.65,15880.0,United Kingdom
526185,84947,ANTIQUE SILVER TEA GLASS ENGRAVED,12,2010-10-10 11:58:00,1.25,16579.0,United Kingdom
539958,84692,BOX OF 24 COCKTAIL PARASOLS,1,2010-12-23 13:26:00,0.85,,United Kingdom
532158,22632,HAND WARMER RED RETROSPOT,1,2010-11-11 12:18:00,2.1,16395.0,United Kingdom
526125,22947,WOODEN ADVENT CALENDAR RED,2,2010-10-08 13:58:00,16.95,16128.0,United Kingdom
525949,21063,PARTY INVITES JAZZ HEARTS,12,2010-10-07 18:27:00,0.85,15498.0,United Kingdom
538009,22788,BROCANTE COAT RACK,2,2010-12-09 12:17:00,9.95,14911.0,EIRE
535654,72802B,OCEAN SCENT CANDLE IN JEWELLED BOX,1,2010-11-28 11:08:00,4.25,17580.0,United Kingdom
536152,22141,CHRISTMAS CRAFT TREE TOP ANGEL,2,2010-11-30 11:50:00,2.1,16223.0,United Kingdom
536876,22118,JOY WOODEN BLOCK LETTERS,1,2010-12-03 11:36:00,11.87,,United Kingdom
528477,22029,SPACEBOY BIRTHDAY CARD,12,2010-10-22 12:02:00,0.42,18022.0,United Kingdom
526120,84946,ANTIQUE SILVER TEA GLASS ETCHED,24,2010-10-08 13:30:00,1.25,13093.0,United Kingdom
536260,85034A,3 GARDENIA MORRIS BOXED CANDLES,4,2010-11-30 15:21:00,4.25,13901.0,United Kingdom
526659,22434,BALLOON PUMP WITH 10 BALLOONS,3,2010-10-12 15:04:00,1.95,15570.0,United Kingdom
529133,84030E,ENGLISH ROSE HOT WATER BOTTLE,1,2010-10-26 14:47:00,8.47,,United Kingdom
526384,85123A,WHITE HANGING HEART T-LIGHT HOLDER,32,2010-10-11 12:34:00,2.55,18135.0,United Kingdom
536409,22075,6 RIBBONS ELEGANT CHRISTMAS ,1,2010-12-01 11:45:00,1.65,17908.0,United Kingdom
526298,21530,DAIRY MAID TOASTRACK,1,2010-10-11 12:00:00,2.95,14590.0,United Kingdom
538153,22371,AIRLINE BAG VINTAGE TOKYO 78,1,2010-12-09 16:31:00,8.47,,United Kingdom
530392,22840,ROUND CAKE TIN VINTAGE RED,2,2010-11-02 17:16:00,7.95,16705.0,United Kingdom
534066,10123C,HEARTS WRAPPING TAPE ,1,2010-11-21 11:28:00,0.65,17920.0,United Kingdom
527444,79321,CHILLI LIGHTS,1,2010-10-18 09:28:00,10.17,,United Kingdom
537645,21218,RED SPOTTY BISCUIT TIN,1,2010-12-07 15:34:00,8.47,,United Kingdom
530753,20828,GLITTER BUTTERFLY CLIPS,18,2010-11-04 11:56:00,2.55,12949.0,United Kingdom
537823,21231,SWEETHEART CERAMIC TRINKET BOX,2,2010-12-08 14:25:00,2.51,,United Kingdom
536401,22428,ENAMEL FIRE BUCKET CREAM,2,2010-12-01 11:21:00,6.95,15862.0,United Kingdom
525755,21680,WOODLAND  STICKERS,1,2010-10-07 10:23:00,1.66,,United Kingdom
536985,22192,BLUE DINER WALL CLOCK,2,2010-12-03 14:40:00,8.5,15373.0,United Kingdom
526712,22712,CARD DOLLY GIRL ,12,2010-10-12 16:38:00,0.42,14154.0,United Kingdom
534321,22273,FELTCRAFT DOLL MOLLY,2,2010-11-22 11:37:00,2.95,15039.0,United Kingdom
537692,22065,CHRISTMAS PUDDING TRINKET POT ,4,2010-12-08 10:40:00,1.45,14796.0,United Kingdom
537955,79066K,RETRO MOD TRAY,2,2010-12-09 11:28:00,0.85,16782.0,United Kingdom
537626,20780,BLACK EAR MUFF HEADPHONES,12,2010-12-07 14:57:00,4.65,12347.0,Iceland
536635,85152,HAND OVER THE CHOCOLATE   SIGN ,12,2010-12-02 11:22:00,2.1,15955.0,United Kingdom
532297,47594B,SCOTTIES DESIGN WASHBAG,2,2010-11-11 13:50:00,1.95,13979.0,United Kingdom
531036,37423,WHITE WITH BLACK CATS PLATE,1,2010-11-05 11:58:00,1.66,,United Kingdom
529694,22594,CHRISTMAS GINGHAM TREE,24,2010-10-29 12:48:00,0.85,16836.0,United Kingdom
538068,21651,HANGING GLASS ETCHED TEALIGHT,12,2010-12-09 14:05:00,1.65,17978.0,United Kingdom
539225,21164,HOME SWEET HOME METAL SIGN ,6,2010-12-16 13:02:00,2.95,15379.0,United Kingdom
532229,22570,FELTCRAFT CUSHION RABBIT,4,2010-11-11 12:38:00,3.75,14868.0,United Kingdom
530437,20760,GARDEN PATH POCKET BOOK,1,2010-11-03 11:13:00,0.85,15915.0,United Kingdom
531248,22478,BIRDHOUSE GARDEN MARKER ,2,2010-11-07 10:59:00,1.25,16444.0,United Kingdom
533947,22423,REGENCY CAKESTAND 3 TIER,1,2010-11-19 12:09:00,12.75,17862.0,United Kingdom
527819,22523,CHILDS GARDEN FORK PINK,1,2010-10-19 11:22:00,0.85,16515.0,United Kingdom
538071,22817,CARD SUKI BIRTHDAY,1,2010-12-09 14:09:00,0.85,,United Kingdom
537441,21479,WHITE SKULL HOT WATER BOTTLE ,3,2010-12-06 17:26:00,3.75,13564.0,United Kingdom
531922,22780,LIGHT GARLAND BUTTERFILES PINK,1,2010-11-10 12:09:00,4.25,17974.0,United Kingdom
535253,72807B,SET/3 OCEAN SCENT CANDLE JEWEL BOX,1,2010-11-25 13:08:00,4.25,16874.0,United Kingdom
532297,22555,PLASTERS IN TIN STRONGMAN,1,2010-11-11 13:50:00,1.65,13979.0,United Kingdom
526412,85135C,RED DRAGONFLY HELICOPTER,1,2010-10-11 14:15:00,7.95,13959.0,United Kingdom
525025,84997D,PINK 3 PIECE POLKADOT CUTLERY SET,5,2010-10-03 12:07:00,3.75,13838.0,United Kingdom
535263,22604,SET OF 4 NAPKIN CHARMS CUTLERY,3,2010-11-25 13:29:00,2.55,14710.0,United Kingdom
537044,85034B,3 WHITE CHOC MORRIS BOXED CANDLES,4,2010-12-05 10:52:00,4.25,18055.0,United Kingdom
537484,82483,WOOD 2 DRAWER CABINET WHITE FINISH,16,2010-12-07 11:30:00,4.95,14733.0,United Kingdom
527129,22028,PENNY FARTHING BIRTHDAY CARD,12,2010-10-15 09:29:00,0.42,16153.0,United Kingdom
526420,21967,PACK OF 12 SKULL TISSUES,24,2010-10-11 14:45:00,0.29,14852.0,United Kingdom
537044,85123A,WHITE HANGING HEART T-LIGHT HOLDER,6,2010-12-05 10:52:00,2.95,18055.0,United Kingdom
529843,22669,RED BABY BUNTING ,2,2010-10-31 12:56:00,2.95,16065.0,United Kingdom
536206,21704,BAG 250g SWIRLY MARBLES,72,2010-11-30 13:20:00,0.85,13450.0,United Kingdom
531245,21986,PACK OF 12 PINK POLKADOT TISSUES,12,2010-11-07 10:53:00,0.29,13259.0,United Kingdom
527890,21561,DINOSAUR LUNCH BOX WITH CUTLERY,2,2010-10-19 12:15:00,2.55,17365.0,United Kingdom
532963,21014,SWISS CHALET TREE DECORATION ,4,2010-11-15 12:35:00,0.85,16710.0,United Kingdom
526387,22367,CHILDRENS APRON SPACEBOY DESIGN,2,2010-10-11 12:48:00,1.95,16005.0,United Kingdom
530654,21411,GINGHAM HEART  DOORSTOP RED,2,2010-11-04 09:41:00,8.47,,United Kingdom
533338,79000,MOROCCAN TEA GLASS,6,2010-11-16 18:18:00,1.69,,United Kingdom
531543,84596F,SMALL MARSHMALLOWS PINK BOWL,1,2010-11-08 17:34:00,1.25,13691.0,United Kingdom
528504,84247E,PACK/12 XMAS FUN CARD,1,2010-10-22 12:22:00,2.95,16428.0,United Kingdom
534709,22212,FOUR HOOK  WHITE LOVEBIRDS,1,2010-11-23 16:53:00,4.21,,United Kingdom
537160,21868,POTTING SHED TEA MUG,6,2010-12-05 13:18:00,1.25,14161.0,United Kingdom
538826,22568,FELTCRAFT CUSHION OWL,2,2010-12-14 12:58:00,3.75,12370.0,Cyprus
532023,22659,LUNCH BOX I LOVE LONDON,1,2010-11-10 13:13:00,1.95,14963.0,United Kingdom
536833,22464,HANGING METAL HEART LANTERN,12,2010-12-02 17:48:00,1.65,18239.0,United Kingdom
537648,20719,WOODLAND CHARLOTTE BAG,10,2010-12-07 15:48:00,0.85,12839.0,United Kingdom
536846,22607,WOODEN ROUNDERS GARDEN SET ,1,2010-12-02 19:59:00,9.95,14573.0,United Kingdom
525015,21017,RED BIRD HOUSE TREE DECORATION,1,2010-10-03 11:26:00,0.85,16868.0,United Kingdom
538008,22909,SET OF 20 VINTAGE CHRISTMAS NAPKINS,12,2010-12-09 12:17:00,0.85,12683.0,France
537362,22297,HEART IVORY TRELLIS SMALL,5,2010-12-06 12:34:00,1.25,17596.0,United Kingdom
531903,84347,ROTATING SILVER ANGELS T-LIGHT HLDR,6,2010-11-10 12:03:00,2.55,13632.0,United Kingdom
537823,22469,HEART OF WICKER SMALL,5,2010-12-08 14:25:00,3.36,,United Kingdom
527246,15056N,EDWARDIAN PARASOL NATURAL,1,2010-10-15 12:20:00,5.95,15967.0,United Kingdom
527925,22813,PACK 3 BOXES BIRD PANNETONE ,4,2010-10-19 13:20:00,1.95,17397.0,United Kingdom
531231,15056N,EDWARDIAN PARASOL NATURAL,12,2010-11-05 17:24:00,5.95,,EIRE
527407,22511,RETROSPOT BABUSHKA DOORSTOP,1,2010-10-17 14:44:00,3.75,17141.0,United Kingdom
527306,22600,CHRISTMAS RETROSPOT STAR WOOD,19,2010-10-15 14:45:00,0.85,13052.0,United Kingdom
539731,84997A,GREEN 3 PIECE POLKADOT CUTLERY SET,72,2010-12-21 15:05:00,3.39,14646.0,Netherlands
528405,21136,PAINTED METAL PEARS ASSORTED,8,2010-10-22 09:06:00,1.69,16777.0,United Kingdom
531366,84032B,CHARLIE + LOLA RED HOT WATER BOTTLE,6,2010-11-07 14:52:00,2.95,14038.0,United Kingdom
531489,22121,NOEL WOODEN BLOCK LETTERS ,1,2010-11-08 15:02:00,11.87,,United Kingdom
536600,85123A,WHITE HANGING HEART T-LIGHT HOLDER,6,2010-12-02 08:32:00,2.55,17850.0,United Kingdom
529818,22636,CHILDS BREAKFAST SET CIRCUS PARADE,1,2010-10-31 11:22:00,8.5,14087.0,United Kingdom
539262,21873,IF YOU CAN'T STAND THE HEAT MUG,36,2010-12-16 14:35:00,0.42,15789.0,United Kingdom
532816,21509,COWBOYS AND INDIANS BIRTHDAY CARD ,12,2010-11-14 16:12:00,0.42,15726.0,United Kingdom
529623,21495,SKULLS AND CROSSBONES WRAP,50,2010-10-29 11:49:00,0.42,15544.0,United Kingdom
538369,22301,COFFEE MUG CAT + BIRD DESIGN,4,2010-12-12 11:06:00,2.55,17251.0,United Kingdom
537240,22781,GUMBALL MAGAZINE RACK,1,2010-12-06 10:08:00,15.28,,United Kingdom
531210,84535B,FAIRY CAKES NOTEBOOK A6 SIZE,2,2010-11-05 16:07:00,0.65,13263.0,United Kingdom
536197,22604,SET OF 4 NAPKIN CHARMS CUTLERY,4,2010-11-30 13:02:00,2.55,13444.0,United Kingdom
535838,84970L,SINGLE HEART ZINC T-LIGHT HOLDER,12,2010-11-29 10:07:00,0.95,12352.0,Norway
530838,22810,SET OF 6 T-LIGHTS SNOWMEN,2,2010-11-04 14:00:00,2.95,13395.0,United Kingdom
525953,21213,PACK OF 72 SKULL CAKE CASES,24,2010-10-07 19:16:00,0.55,13291.0,United Kingdom
526932,22468,BABUSHKA LIGHTS STRING OF 10,1,2010-10-14 09:35:00,13.57,,United Kingdom
537240,22818,CARD CHRISTMAS VILLAGE,10,2010-12-06 10:08:00,0.85,,United Kingdom
534389,90201B,BLACK ENAMEL FLOWER RING,1,2010-11-22 13:02:00,2.96,,United Kingdom
531387,90129A,PINK GLASS TASSLE BAG CHARM ,1,2010-11-08 09:20:00,1.66,,United Kingdom
525862,22261,FELT EGG COSY WHITE RABBIT ,1,2010-10-07 13:21:00,0.85,14606.0,United Kingdom
524958,22300,COFFEE MUG DOG + BALL DESIGN,1,2010-10-01 13:30:00,5.06,,United Kingdom
532654,21348,PINK SPOTS CHOCOLATE NESTING BOXES ,1,2010-11-14 10:56:00,2.95,17300.0,United Kingdom
527796,22903,CALENDAR FAMILY FAVOURITES,160,2010-10-19 11:14:00,2.55,12454.0,Spain
537262,48185,DOORMAT FAIRY CAKE,1,2010-12-06 11:26:00,7.95,15039.0,United Kingdom
531120,85106,CUT GLASS HEXAGON T-LIGHT HOLDER,3,2010-11-05 12:53:00,2.55,,United Kingdom
528613,21484,CHICK GREY HOT WATER BOTTLE,1,2010-10-22 15:57:00,7.62,,United Kingdom
539716,22835,HOT WATER BOTTLE I AM SO POORLY,10,2010-12-21 12:57:00,4.65,17990.0,United Kingdom
534752,22386,JUMBO BAG PINK POLKADOT,3,2010-11-24 09:55:00,5.06,,United Kingdom
537240,20867,PINK ROSE FABRIC MIRROR,1,2010-12-06 10:08:00,2.51,,United Kingdom
538855,21244,BLUE POLKADOT PLATE ,8,2010-12-14 13:50:00,1.69,16503.0,United Kingdom
534459,22441,GROW YOUR OWN BASIL IN ENAMEL MUG,3,2010-11-23 09:12:00,4.21,,United Kingdom
537434,22917,HERB MARKER ROSEMARY,1,2010-12-06 16:57:00,1.66,,United Kingdom
525030,22505,MEMO BOARD COTTAGE DESIGN,8,2010-10-03 12:18:00,4.95,15351.0,United Kingdom
527382,90063B,BLACK VINT ART DEC CRYSTAL NECKLACE,1,2010-10-17 12:59:00,8.5,15774.0,United Kingdom
526492,22812,PACK 3 BOXES CHRISTMAS PANNETONE,12,2010-10-12 09:25:00,1.95,16574.0,United Kingdom
538510,22735,RIBBON REEL SOCKS AND MITTENS,1,2010-12-12 13:47:00,1.65,18004.0,United Kingdom
528304,21191,LARGE WHITE HONEYCOMB PAPER BELL  ,6,2010-10-21 12:05:00,2.1,16550.0,United Kingdom
537209,22577,WOODEN HEART CHRISTMAS SCANDINAVIAN,3,2010-12-05 15:12:00,0.85,14606.0,United Kingdom
525709,22646,CERAMIC STRAWBERRY CAKE MONEY BANK,4,2010-10-06 13:44:00,1.45,13554.0,United Kingdom
533338,22694,WICKER STAR ,1,2010-11-16 18:18:00,4.21,,United Kingdom
537868,22539,MINI JIGSAW DOLLY GIRL,24,2010-12-08 16:49:00,0.42,12433.0,Norway
537245,22633,HAND WARMER UNION JACK,12,2010-12-06 10:24:00,2.1,14748.0,United Kingdom
528179,20718,RED RETROSPOT SHOPPER BAG,10,2010-10-21 10:49:00,1.25,14227.0,United Kingdom
534501,21524,DOORMAT SPOTTY HOME SWEET HOME,3,2010-11-23 11:26:00,7.95,18055.0,United Kingdom
527728,22355,CHARLOTTE BAG SUKI DESIGN,1,2010-10-18 15:44:00,1.66,,United Kingdom
525800,22086,PAPER CHAIN KIT 50'S CHRISTMAS ,2,2010-10-07 11:33:00,2.95,17068.0,United Kingdom
532092,22573,STAR WOODEN CHRISTMAS DECORATION,12,2010-11-10 15:51:00,0.85,18280.0,United Kingdom
533152,22383,LUNCH BAG SUKI  DESIGN ,2,2010-11-16 13:57:00,1.65,15005.0,United Kingdom
525755,22123,PING MICROWAVE APRON,2,2010-10-07 10:23:00,5.06,,United Kingdom
533067,22696,WICKER WREATH LARGE,3,2010-11-15 17:14:00,1.95,17284.0,United Kingdom
529813,22595,CHRISTMAS GINGHAM HEART,12,2010-10-31 11:09:00,0.85,13888.0,United Kingdom
538280,72351B,SET/6 PINK  BUTTERFLY T-LIGHTS,72,2010-12-10 12:50:00,1.69,12748.0,United Kingdom
530811,22865,HAND WARMER OWL DESIGN,2,2010-11-04 13:04:00,2.1,13137.0,United Kingdom
537896,22801,ANTIQUE GLASS PEDESTAL BOWL,4,2010-12-09 10:33:00,3.75,18071.0,United Kingdom
527192,22046,TEA PARTY  WRAPPING PAPER ,25,2010-10-15 11:45:00,0.42,16746.0,United Kingdom
533000,22560,TRADITIONAL MODELLING CLAY,2,2010-11-15 14:49:00,1.25,16686.0,United Kingdom
537434,22024,RAINY LADIES BIRTHDAY CARD,1,2010-12-06 16:57:00,0.85,,United Kingdom
534163,22694,WICKER STAR ,10,2010-11-21 13:00:00,2.1,14512.0,United Kingdom
537034,21843,RED RETROSPOT CAKE STAND,2,2010-12-03 17:20:00,10.95,13081.0,United Kingdom
539958,47563A,RETRO LONGBOARD IRONING BOARD COVER,2,2010-12-23 13:26:00,3.36,,United Kingdom
528383,21114,LAVENDER SCENTED FABRIC HEART,10,2010-10-21 18:21:00,1.25,14686.0,United Kingdom
530422,22890,NOVELTY BISCUITS CAKE STAND 3 TIER,1,2010-11-03 09:36:00,20.38,,United Kingdom
528615,21175,GIN + TONIC DIET METAL SIGN,1,2010-10-22 16:36:00,2.1,17231.0,United Kingdom
528919,20685,DOORMAT RED RETROSPOT,1,2010-10-25 14:27:00,7.95,16259.0,United Kingdom
534209,22983,CARD BILLBOARD FONT,72,2010-11-21 15:55:00,0.36,14146.0,United Kingdom
525317,22663,JUMBO BAG DOLLY GIRL DESIGN,2,2010-10-05 11:17:00,1.95,15311.0,United Kingdom
528954,22508,DOORSTOP RETROSPOT HEART,4,2010-10-26 08:11:00,3.75,14156.0,EIRE
539590,17091J,VANILLA INCENSE IN TIN,36,2010-12-20 13:21:00,0.38,14733.0,United Kingdom
532642,22946,WOODEN ADVENT CALENDAR CREAM,1,2010-11-12 17:00:00,34.0,,United Kingdom
534201,21169,YOU'RE CONFUSING ME METAL SIGN ,6,2010-11-21 15:24:00,1.69,13550.0,United Kingdom
538069,21187,WHITE BELL HONEYCOMB PAPER GARLAND ,2,2010-12-09 14:08:00,1.65,16795.0,United Kingdom
539492,22910,PAPER CHAIN KIT VINTAGE CHRISTMAS,9,2010-12-20 10:14:00,3.36,,United Kingdom
530799,20759,CHRYSANTHEMUM POCKET BOOK ,240,2010-11-04 12:31:00,0.64,12497.0,Germany
531262,21213,PACK OF 72 SKULL CAKE CASES,4,2010-11-07 11:45:00,0.55,17068.0,United Kingdom
528581,22635,CHILDS BREAKFAST SET DOLLY GIRL ,2,2010-10-22 13:27:00,9.95,18055.0,United Kingdom
538707,20983,12 PENCILS TALL TUBE RED RETROSPOT,2,2010-12-14 10:38:00,0.85,17894.0,United Kingdom
527344,84598,BOYS ALPHABET IRON ON PATCHES,1,2010-10-15 15:38:00,0.21,13069.0,United Kingdom
533572,20675,BLUE POLKADOT BOWL,8,2010-11-18 10:44:00,1.25,15810.0,United Kingdom
525753,22951,60 CAKE CASES DOLLY GIRL DESIGN,6,2010-10-07 10:19:00,1.28,,United Kingdom
535419,84509G,SET OF 4 FAIRY CAKE PLACEMATS ,8,2010-11-26 11:48:00,3.75,12668.0,Germany
530067,21481,FAWN BLUE HOT WATER BOTTLE,2,2010-11-01 11:53:00,2.95,16960.0,United Kingdom
529518,20679,EDWARDIAN PARASOL RED,4,2010-10-28 15:29:00,5.95,17853.0,United Kingdom
535282,84029G,KNITTED UNION FLAG HOT WATER BOTTLE,24,2010-11-25 14:17:00,3.39,14099.0,United Kingdom
532964,22413,METAL SIGN TAKE IT OR LEAVE IT ,2,2010-11-15 12:43:00,2.95,15493.0,United Kingdom
532063,21098,CHRISTMAS TOILET ROLL,7,2010-11-10 14:48:00,2.51,,United Kingdom
530165,22467,GUMBALL COAT RACK,6,2010-11-02 08:49:00,2.55,16612.0,United Kingdom
530071,22580,ADVENT CALENDAR GINGHAM SACK,2,2010-11-01 12:08:00,5.95,15039.0,United Kingdom
525299,22910,PAPER CHAIN KIT VINTAGE CHRISTMAS,12,2010-10-05 09:38:00,2.95,18188.0,United Kingdom
537781,22570,FELTCRAFT CUSHION RABBIT,1,2010-12-08 12:46:00,3.75,17341.0,United Kingdom
529325,22367,CHILDRENS APRON SPACEBOY DESIGN,2,2010-10-27 14:10:00,4.21,,United Kingdom
533973,47566,PARTY BUNTING,4,2010-11-19 13:21:00,4.65,15421.0,United Kingdom
532578,20996,JAZZ HEARTS ADDRESS BOOK,8,2010-11-12 14:13:00,0.42,17984.0,United Kingdom
531440,85059,FRENCH ENAMEL WATER BASIN,1,2010-11-08 12:28:00,3.75,16470.0,United Kingdom
526392,20713,JUMBO BAG OWLS,10,2010-10-11 13:19:00,1.95,17675.0,United Kingdom
531452,22153,ANGEL DECORATION STARS ON DRESS,48,2010-11-08 13:05:00,0.42,14530.0,United Kingdom
532979,22634,CHILDS BREAKFAST SET SPACEBOY ,1,2010-11-15 13:39:00,9.95,17346.0,United Kingdom
537400,35961,FOLKART ZINC HEART CHRISTMAS DEC,2,2010-12-06 14:36:00,0.85,17191.0,United Kingdom
536363,22837,HOT WATER BOTTLE BABUSHKA ,36,2010-11-30 19:27:00,4.25,13093.0,United Kingdom
533996,21479,WHITE SKULL HOT WATER BOTTLE ,4,2010-11-19 14:14:00,3.75,17865.0,United Kingdom
538193,48116,DOORMAT MULTICOLOUR STRIPE,10,2010-12-10 10:51:00,6.75,15061.0,United Kingdom
536989,21479,WHITE SKULL HOT WATER BOTTLE ,1,2010-12-03 15:10:00,3.75,17238.0,United Kingdom
532635,84050,PINK HEART SHAPE EGG FRYING PAN,72,2010-11-12 15:40:00,1.25,15856.0,United Kingdom
525430,84836,ZINC METAL HEART DECORATION,36,2010-10-05 13:12:00,1.25,14663.0,United Kingdom
527407,22620,4 TRADITIONAL SPINNING TOPS,1,2010-10-17 14:44:00,1.25,17141.0,United Kingdom
531043,85099F,JUMBO BAG STRAWBERRY,1,2010-11-05 12:00:00,1.95,13646.0,United Kingdom
528951,82580,BATHROOM METAL SIGN,12,2010-10-25 16:43:00,0.73,17450.0,United Kingdom
537829,22358,KINGS CHOICE TEA CADDY ,6,2010-12-08 14:46:00,2.95,15498.0,United Kingdom
531247,22698,PINK REGENCY TEACUP AND SAUCER,10,2010-11-07 10:57:00,2.95,16923.0,United Kingdom
525747,22944,CHRISTMAS METAL POSTCARD WITH BELLS,12,2010-10-07 09:28:00,1.25,13382.0,United Kingdom
527351,40001,WHITE BAMBOO RIBS LAMPSHADE,2,2010-10-15 16:19:00,0.85,,United Kingdom
536500,22616,PACK OF 12 LONDON TISSUES ,12,2010-12-01 12:35:00,0.29,17377.0,United Kingdom
534656,22632,HAND WARMER RED RETROSPOT,3,2010-11-23 13:36:00,2.1,13869.0,United Kingdom
532826,22818,CARD CHRISTMAS VILLAGE,1,2010-11-15 09:32:00,0.85,,United Kingdom
539451,90201B,BLACK ENAMEL FLOWER RING,1,2010-12-17 16:59:00,2.96,,United Kingdom
532158,21243,PINK  POLKADOT PLATE ,2,2010-11-11 12:18:00,1.69,16395.0,United Kingdom
534687,85230E,STRAWBRY SCENTED VOTIVE CANDLE,24,2010-11-23 15:07:00,0.29,13077.0,United Kingdom
536633,22301,COFFEE MUG CAT + BIRD DESIGN,1,2010-12-02 11:20:00,2.55,14901.0,United Kingdom
536409,21676,FLOWERS  STICKERS,6,2010-12-01 11:45:00,0.85,17908.0,United Kingdom
527409,22728,ALARM CLOCK BAKELIKE PINK,1,2010-10-17 14:54:00,3.75,17141.0,United Kingdom
533691,21121,SET/10 RED POLKADOT PARTY CANDLES,1,2010-11-18 13:18:00,1.25,17355.0,United Kingdom
537789,22777,GLASS CLOCHE LARGE,4,2010-12-08 12:49:00,8.5,14051.0,United Kingdom
529228,22784,LANTERN CREAM GAZEBO ,2,2010-10-27 11:29:00,4.95,14530.0,United Kingdom
530915,21340,CLASSIC METAL BIRDCAGE PLANT HOLDER,1,2010-11-04 16:10:00,12.75,13660.0,United Kingdom
525867,22753,SMALL YELLOW BABUSHKA NOTEBOOK ,12,2010-10-07 13:28:00,0.85,14963.0,United Kingdom
538900,82582,AREA PATROLLED METAL SIGN,12,2010-12-15 09:51:00,2.1,13078.0,United Kingdom
534681,21158,MOODY GIRL DOOR HANGER ,3,2010-11-23 14:50:00,1.45,13451.0,United Kingdom
524937,22200,FRYING PAN PINK POLKADOT,4,2010-10-01 11:59:00,4.25,15261.0,United Kingdom
536592,22601,CHRISTMAS RETROSPOT ANGEL WOOD,3,2010-12-01 17:06:00,1.66,,United Kingdom
537054,22733,3D TRADITIONAL CHRISTMAS STICKERS,1,2010-12-05 11:40:00,1.25,16931.0,United Kingdom
538364,22457,NATURAL SLATE HEART CHALKBOARD ,2,2010-12-10 17:26:00,2.95,14448.0,United Kingdom
539316,22666,RECIPE BOX PANTRY YELLOW DESIGN,1,2010-12-16 18:38:00,2.95,17848.0,United Kingdom
539725,21818,GLITTER CHRISTMAS HEART ,12,2010-12-21 13:58:00,0.85,17211.0,United Kingdom
539595,84659A,WHITE TRAVEL ALARM CLOCK,1,2010-12-20 13:43:00,2.51,,United Kingdom
538071,21906,PHARMACIE FIRST AID TIN,1,2010-12-09 14:09:00,13.57,,United Kingdom
529363,21832,CHOCOLATE CALCULATOR,1,2010-10-28 09:57:00,3.36,,United Kingdom
533145,22631,CIRCUS PARADE LUNCH BOX ,1,2010-11-16 13:35:00,3.36,,United Kingdom
534517,22383,LUNCH BAG SUKI  DESIGN ,6,2010-11-23 12:01:00,1.65,16229.0,United Kingdom
526399,22095,LADS ONLY TISSUE BOX,2,2010-10-11 13:35:00,1.25,15439.0,United Kingdom
537830,20727,LUNCH BAG  BLACK SKULL.,1,2010-12-08 14:46:00,1.65,13649.0,United Kingdom
532616,21411,GINGHAM HEART  DOORSTOP RED,1,2010-11-12 15:22:00,8.47,,United Kingdom
537126,22501,PICNIC BASKET WICKER LARGE,2,2010-12-05 12:13:00,9.95,18118.0,United Kingdom
532169,22575,METAL MERRY CHRISTMAS WREATH,8,2010-11-11 12:20:00,1.95,13614.0,United Kingdom
527520,22545,MINI JIGSAW BUNNIES,1,2010-10-18 13:18:00,0.85,,United Kingdom
539320,35957,SMALLFOLKART BAUBLE CHRISTMAS DEC,96,2010-12-16 19:16:00,0.19,14911.0,EIRE
531922,84997B,RED 3 PIECE RETROSPOT CUTLERY SET,1,2010-11-10 12:09:00,3.75,17974.0,United Kingdom
536241,22419,LIPSTICK PEN RED,100,2010-11-30 14:35:00,0.36,12471.0,Germany
532113,20978,36 PENCILS TUBE SKULLS,1,2010-11-10 16:56:00,1.25,16662.0,United Kingdom
537895,21843,RED RETROSPOT CAKE STAND,24,2010-12-09 10:30:00,9.95,14299.0,United Kingdom
534175,22746,POPPY'S PLAYHOUSE LIVINGROOM ,1,2010-11-21 13:36:00,2.1,17322.0,United Kingdom
532551,35400,WOODEN BOX ADVENT CALENDAR ,2,2010-11-12 12:26:00,8.95,14194.0,United Kingdom
534054,85049B,LUSH GREENS RIBBONS,1,2010-11-21 10:38:00,1.25,16746.0,United Kingdom
538597,82494L,WOODEN FRAME ANTIQUE WHITE ,6,2010-12-13 12:26:00,2.95,15555.0,United Kingdom
531827,21755,LOVE BUILDING BLOCK WORD,18,2010-11-09 18:03:00,5.45,13599.0,United Kingdom
537351,21383,PACK OF 12 STICKY BUNNIES,2,2010-12-06 12:23:00,0.65,16898.0,United Kingdom
527728,21621,VINTAGE UNION JACK BUNTING,1,2010-10-18 15:44:00,16.98,,United Kingdom
529315,22774,RED DRAWER KNOB ACRYLIC EDWARDIAN,12,2010-10-27 13:29:00,1.25,14911.0,EIRE
534378,22845,VINTAGE CREAM CAT FOOD CONTAINER,2,2010-11-22 12:33:00,6.35,14461.0,United Kingdom
537852,85169A,IVORY LOVE BIRD CANDLE,12,2010-12-08 15:56:00,1.25,17340.0,United Kingdom
533503,22296,HEART IVORY TRELLIS LARGE,12,2010-11-17 13:50:00,1.65,17449.0,United Kingdom
538177,21481,FAWN BLUE HOT WATER BOTTLE,2,2010-12-10 09:51:00,5.91,,United Kingdom
539958,21494,ROTATING LEAVES T-LIGHT HOLDER,18,2010-12-23 13:26:00,1.66,,United Kingdom
528869,22726,ALARM CLOCK BAKELIKE GREEN,1,2010-10-25 11:43:00,3.75,17236.0,United Kingdom
536876,22906,12 MESSAGE CARDS WITH ENVELOPES,4,2010-12-03 11:36:00,3.36,,United Kingdom
537642,20752,BLUE POLKADOT WASHING UP GLOVES,1,2010-12-07 15:33:00,4.21,,United Kingdom
531971,22460,EMBOSSED GLASS TEALIGHT HOLDER,12,2010-11-10 12:24:00,1.25,13464.0,United Kingdom
534160,85107,CUT GLASS T-LIGHT HOLDER OCTAGON,1,2010-11-21 12:55:00,2.55,12858.0,United Kingdom
537237,21014,SWISS CHALET TREE DECORATION ,7,2010-12-06 09:58:00,1.28,,United Kingdom
524868,22086,PAPER CHAIN KIT 50'S CHRISTMAS ,6,2010-10-01 09:36:00,2.95,16306.0,United Kingdom
532051,22380,TOY TIDY SPACEBOY  ,5,2010-11-10 14:16:00,2.1,14911.0,EIRE
531690,21556,CERAMIC STRAWBERRY MONEY BOX,3,2010-11-09 11:49:00,5.91,,United Kingdom
529814,47559B,TEA TIME OVEN GLOVE,10,2010-10-31 11:11:00,1.25,15281.0,United Kingdom
534501,72807C,SET/3 VANILLA SCENTED CANDLE IN BOX,2,2010-11-23 11:26:00,4.25,18055.0,United Kingdom
537823,22620,4 TRADITIONAL SPINNING TOPS,1,2010-12-08 14:25:00,2.51,,United Kingdom
536637,22654,DELUXE SEWING KIT ,1,2010-12-02 11:35:00,5.95,18041.0,United Kingdom
537666,22573,STAR WOODEN CHRISTMAS DECORATION,4,2010-12-07 18:36:00,1.66,,United Kingdom
532419,22544,MINI JIGSAW SPACEBOY,1,2010-11-12 09:18:00,0.85,,United Kingdom
535349,22984,CARD GINGHAM ROSE ,12,2010-11-25 16:52:00,0.42,18245.0,United Kingdom
534752,22028,PENNY FARTHING BIRTHDAY CARD,1,2010-11-24 09:55:00,0.85,,United Kingdom
534754,22755,SMALL PURPLE BABUSHKA NOTEBOOK ,1,2010-11-24 10:02:00,1.66,,United Kingdom
538155,85055,FRENCH ENAMEL UTENSIL HOLDER,1,2010-12-09 16:52:00,3.75,16907.0,United Kingdom
529847,22491,PACK OF 12 COLOURED PENCILS,3,2010-10-31 13:23:00,0.85,13050.0,United Kingdom
536408,22813,PACK 3 BOXES BIRD PANNETONE ,12,2010-12-01 11:41:00,1.95,14307.0,United Kingdom
535475,22185,SLATE TILE NATURAL HANGING,3,2010-11-26 14:09:00,1.65,17817.0,United Kingdom
539570,21928,JUMBO BAG SCANDINAVIAN PAISLEY,10,2010-12-20 12:05:00,1.95,15078.0,United Kingdom
528744,20864,DENIM PATCH PENCIL CASE BUTTERFLY,4,2010-10-24 14:21:00,2.1,18110.0,United Kingdom
537772,22371,AIRLINE BAG VINTAGE TOKYO 78,1,2010-12-08 12:35:00,4.25,18043.0,United Kingdom
526756,21846,PINK DIAMANTE PEN IN GIFT BOX,3,2010-10-13 10:29:00,4.95,12424.0,Australia
531506,21498,RED RETROSPOT WRAP ,25,2010-11-08 15:34:00,0.42,12472.0,Germany
536544,22384,LUNCH BAG PINK POLKADOT,2,2010-12-01 14:32:00,4.21,,United Kingdom
537825,22644,CERAMIC CHERRY CAKE MONEY BANK,4,2010-12-08 14:36:00,1.45,15005.0,United Kingdom
537237,22893,MINI CAKE STAND T-LIGHT HOLDER,3,2010-12-06 09:58:00,0.85,,United Kingdom
536984,22041,"RECORD FRAME 7"" SINGLE SIZE ",6,2010-12-03 14:35:00,2.55,17841.0,United Kingdom
532666,21754,HOME BUILDING BLOCK WORD,1,2010-11-14 11:39:00,5.95,15356.0,United Kingdom
527021,22383,LUNCH BAG SUKI  DESIGN ,100,2010-10-14 11:52:00,1.45,14680.0,United Kingdom
530383,22027,TEA PARTY BIRTHDAY CARD,12,2010-11-02 17:02:00,0.42,12412.0,Denmark
538078,85066,CREAM SWEETHEART MINI CHEST,2,2010-12-09 14:25:00,12.75,16255.0,United Kingdom
532139,20914,SET/5 RED RETROSPOT LID GLASS BOWLS,1,2010-11-11 11:18:00,5.91,,United Kingdom
530092,21485,RETROSPOT HEART HOT WATER BOTTLE,6,2010-11-01 13:46:00,4.95,15253.0,United Kingdom
529509,82494L,WOODEN FRAME ANTIQUE WHITE ,6,2010-10-28 14:39:00,2.95,13126.0,United Kingdom
528160,22488,NATURAL SLATE RECTANGLE CHALKBOARD,12,2010-10-21 08:52:00,1.65,16043.0,United Kingdom
525309,22303,COFFEE MUG APPLES DESIGN,6,2010-10-05 10:31:00,2.55,18145.0,United Kingdom
525882,22713,CARD I LOVE LONDON ,1,2010-10-07 14:28:00,0.85,,United Kingdom
530657,22743,MAKE YOUR OWN FLOWERPOWER CARD KIT,3,2010-11-04 10:13:00,2.95,12933.0,United Kingdom
535571,20684,STRAWBERRY DREAM CHILDS UMBRELLA,1,2010-11-26 15:36:00,3.25,16904.0,United Kingdom
536805,22558,CLOTHES PEGS RETROSPOT PACK 24 ,12,2010-12-02 16:38:00,1.49,14775.0,United Kingdom
526417,21833,CAMOUFLAGE LED TORCH,12,2010-10-11 14:32:00,1.69,15111.0,United Kingdom
535182,22086,PAPER CHAIN KIT 50'S CHRISTMAS ,14,2010-11-25 11:58:00,2.95,14450.0,United Kingdom
534221,20723,STRAWBERRY CHARLOTTE BAG,1,2010-11-21 16:15:00,0.85,16049.0,United Kingdom
537219,21899,"KEY FOB , GARAGE DESIGN",1,2010-12-05 15:47:00,0.65,14081.0,United Kingdom
537773,22327,ROUND SNACK BOXES SET OF 4 SKULLS,1,2010-12-08 12:36:00,2.95,16016.0,United Kingdom
529329,22530,MAGIC DRAWING SLATE DOLLY GIRL ,2,2010-10-27 14:34:00,0.42,14159.0,United Kingdom
539292,22222,CAKE PLATE LOVEBIRD WHITE,3,2010-12-16 16:42:00,4.95,16539.0,United Kingdom
538566,22834,HAND WARMER BABUSHKA DESIGN,2,2010-12-13 11:21:00,4.21,,United Kingdom
533592,21207,SKULL AND CROSSBONES  GARLAND ,2,2010-11-18 12:08:00,1.65,14446.0,United Kingdom
536000,22202,MILK PAN PINK POLKADOT,1,2010-11-29 14:13:00,3.75,14606.0,United Kingdom
533996,21905,MORE BUTTER METAL SIGN ,12,2010-11-19 14:14:00,2.1,17865.0,United Kingdom
530652,22196,SMALL HEART MEASURING SPOONS,3,2010-11-04 09:38:00,1.66,,United Kingdom
528166,21781,MA CAMPAGNE CUTLERY BOX,1,2010-10-21 09:48:00,14.95,12586.0,Italy
537666,21794,CLASSIC FRENCH STYLE BASKET NATURAL,1,2010-12-07 18:36:00,13.57,,United Kingdom
538370,22312,OFFICE MUG WARMER POLKADOT,2,2010-12-12 11:06:00,2.95,16923.0,United Kingdom
524987,48185,DOORMAT FAIRY CAKE,3,2010-10-01 15:51:00,7.95,14709.0,United Kingdom
527296,22320,BIRDS MOBILE VINTAGE DESIGN,3,2010-10-15 14:11:00,5.95,12712.0,Germany
534407,84032A,CHARLIE+LOLA PINK HOT WATER BOTTLE,2,2010-11-22 14:27:00,2.95,16011.0,United Kingdom
529994,22154,ANGEL DECORATION 3 BUTTONS ,8,2010-10-31 16:26:00,0.42,16984.0,United Kingdom
528912,21989,PACK OF 20 SKULL PAPER NAPKINS,2,2010-10-25 13:40:00,0.85,16241.0,United Kingdom
538566,21033,JUMBO BAG CHARLIE AND LOLA TOYS,1,2010-12-13 11:21:00,5.91,,United Kingdom
536569,22767,TRIPLE PHOTO FRAME CORNICE ,1,2010-12-01 15:35:00,9.95,16274.0,United Kingdom
535342,22507,MEMO BOARD RETROSPOT  DESIGN,4,2010-11-25 16:32:00,4.95,14627.0,United Kingdom
525949,85014A,BLACK/BLUE POLKADOT UMBRELLA,6,2010-10-07 18:27:00,5.95,15498.0,United Kingdom
537396,22415,WHITE TISSUE REAM,1,2010-12-06 14:08:00,7.95,17223.0,United Kingdom
530810,20724,RED RETROSPOT CHARLOTTE BAG,20,2010-11-04 13:03:00,0.85,16327.0,United Kingdom
527474,85114C,RED ENCHANTED FOREST PLACEMAT,16,2010-10-18 11:25:00,1.65,17220.0,United Kingdom
535241,85049C,ROMANTIC PINKS RIBBONS ,1,2010-11-25 12:34:00,1.25,16515.0,United Kingdom
527908,22536,MAGIC DRAWING SLATE PURDEY,5,2010-10-19 12:48:00,0.42,13975.0,United Kingdom
535344,21804,WHITE CHRISTMAS GARLAND STARS TREES,6,2010-11-25 16:36:00,3.75,15266.0,United Kingdom
538002,21630,FLOOR CUSHION ELEPHANT CARNIVAL,2,2010-12-09 11:48:00,8.95,14932.0,Channel Islands
536876,22132,RED LOVE HEART SHAPE CUP,1,2010-12-03 11:36:00,1.66,,United Kingdom
537422,21623,VINTAGE UNION JACK MEMOBOARD,1,2010-12-06 15:27:00,9.95,17812.0,United Kingdom
536415,22736,RIBBON REEL MAKING SNOWMEN ,3,2010-12-01 11:57:00,1.65,12838.0,United Kingdom
532306,20713,JUMBO BAG OWLS,3,2010-11-11 14:29:00,1.95,12637.0,France
534756,22366,DOORMAT AIRMAIL ,1,2010-11-24 10:03:00,14.43,,United Kingdom
536847,20956,PORCELAIN T-LIGHT HOLDERS ASSORTED,12,2010-12-03 09:31:00,1.25,17135.0,United Kingdom
539313,22720,SET OF 3 CAKE TINS PANTRY DESIGN ,9,2010-12-16 18:18:00,4.95,14220.0,United Kingdom
536185,22910,PAPER CHAIN KIT VINTAGE CHRISTMAS,1,2010-11-30 12:29:00,2.95,17889.0,United Kingdom
534455,21212,PACK OF 72 RETROSPOT CAKE CASES,3,2010-11-22 17:33:00,0.55,13546.0,United Kingdom
537237,20754,RETROSPOT RED WASHING UP GLOVES,1,2010-12-06 09:58:00,4.21,,United Kingdom
534820,84559A,3D SHEET OF DOG STICKERS,2,2010-11-24 12:53:00,0.85,14988.0,United Kingdom
528581,22907,PACK OF 20 NAPKINS PANTRY DESIGN,1,2010-10-22 13:27:00,0.85,18055.0,United Kingdom
539738,22625,RED KITCHEN SCALES,2,2010-12-21 15:19:00,16.98,,United Kingdom
535531,21034,REX CASH+CARRY JUMBO SHOPPER,2,2010-11-26 15:16:00,0.95,17841.0,United Kingdom
534865,22543,MINI JIGSAW BAKE A CAKE ,1,2010-11-24 14:14:00,0.42,15356.0,United Kingdom
531003,22911,PAPER CHAIN KIT LONDON,1,2010-11-05 11:34:00,2.95,15584.0,United Kingdom
530793,22077,6 RIBBONS RUSTIC CHARM,1,2010-11-04 12:18:00,1.65,15910.0,United Kingdom
537346,21351,CINAMMON & ORANGE WREATH,4,2010-12-06 12:21:00,6.75,15301.0,United Kingdom
531421,22513,DOORSTOP FOOTBALL DESIGN,1,2010-11-08 10:44:00,3.75,15039.0,United Kingdom
536601,22632,HAND WARMER RED POLKA DOT,6,2010-12-02 08:33:00,1.85,17850.0,United Kingdom
535807,75178,ASSTD COL BUTTERFLY/CRYSTAL W/CHIME,1,2010-11-28 15:09:00,1.25,18003.0,United Kingdom
537160,22694,WICKER STAR ,3,2010-12-05 13:18:00,2.1,14161.0,United Kingdom
530509,90214V,"LETTER ""V"" BLING KEY RING",2,2010-11-03 12:07:00,1.25,16779.0,United Kingdom
531382,22157,ANGEL DECORATION WITH LACE PADDED,5,2010-11-07 16:29:00,0.85,16549.0,United Kingdom
534719,21481,FAWN BLUE HOT WATER BOTTLE,36,2010-11-23 17:51:00,2.55,14154.0,United Kingdom
526629,35400,WOODEN BOX ADVENT CALENDAR ,2,2010-10-12 12:59:00,8.95,14527.0,United Kingdom
539075,21154,RED RETROSPOT OVEN GLOVE ,4,2010-12-15 17:28:00,1.25,17189.0,United Kingdom
531564,85067,CREAM SWEETHEART WALL CABINET,1,2010-11-09 10:21:00,18.95,17476.0,United Kingdom
530372,22940,FELTCRAFT CHRISTMAS FAIRY,2,2010-11-02 16:20:00,4.25,17276.0,United Kingdom
531359,79067,CORONA MEXICAN TRAY,1,2010-11-07 14:17:00,3.75,13276.0,United Kingdom
532671,21744,SNOWFLAKE PORTABLE TABLE LIGHT ,9,2010-11-14 11:50:00,2.95,16923.0,United Kingdom
532351,72815,3 WICK CHRISTMAS BRIAR CANDLE ,1,2010-11-11 16:29:00,3.75,14379.0,United Kingdom
537128,72741,GRAND CHOCOLATECANDLE,9,2010-12-05 12:15:00,1.45,12841.0,United Kingdom
526664,84692,BOX OF 24 COCKTAIL PARASOLS,25,2010-10-12 15:20:00,0.42,13078.0,United Kingdom
527971,22946,WOODEN ADVENT CALENDAR CREAM,2,2010-10-20 10:09:00,16.95,13373.0,United Kingdom
528330,22637,PIGGY BANK RETROSPOT ,6,2010-10-21 13:27:00,2.55,13836.0,United Kingdom
530311,85049A,TRADITIONAL CHRISTMAS RIBBONS,1,2010-11-02 13:27:00,1.25,16374.0,United Kingdom
533577,21875,KINGS CHOICE MUG,6,2010-11-18 11:08:00,1.25,17377.0,United Kingdom
538524,22953,BIRTHDAY PARTY CORDON BARRIER TAPE,10,2010-12-13 09:35:00,2.51,,United Kingdom
528367,20973,12 PENCIL SMALL TUBE WOODLAND,3,2010-10-21 16:29:00,0.65,13077.0,United Kingdom
538868,22975,SPACEBOY CHILDRENS EGG CUP,24,2010-12-14 14:42:00,1.25,17017.0,United Kingdom
529847,22121,NOEL WOODEN BLOCK LETTERS ,2,2010-10-31 13:23:00,5.95,13050.0,United Kingdom
526220,20713,JUMBO BAG OWLS,1,2010-10-10 14:38:00,1.95,13137.0,United Kingdom
534234,22158,3 HEARTS HANGING DECORATION RUSTIC,4,2010-11-22 10:22:00,2.95,16905.0,United Kingdom
534168,20725,LUNCH BAG RED RETROSPOT,5,2010-11-21 13:23:00,1.65,16367.0,United Kingdom
532626,37447,CERAMIC CAKE DESIGN SPOTTED PLATE,12,2010-11-12 15:33:00,1.49,12779.0,Poland
537154,21559,STRAWBERRY LUNCH BOX WITH CUTLERY,4,2010-12-05 13:05:00,2.55,15808.0,United Kingdom
535381,22812,PACK 3 BOXES CHRISTMAS PANNETONE,6,2010-11-25 19:16:00,1.95,14713.0,United Kingdom
534289,22090,PAPER BUNTING RETROSPOT,1,2010-11-22 11:25:00,5.91,,United Kingdom
526204,22273,FELTCRAFT DOLL MOLLY,4,2010-10-10 13:23:00,2.95,14040.0,United Kingdom
529746,22417,PACK OF 60 SPACEBOY CAKE CASES,3,2010-10-29 14:18:00,2.13,,United Kingdom
534368,85048,15CM CHRISTMAS GLASS BALL 20 LIGHTS,1,2010-11-22 11:59:00,7.95,12841.0,United Kingdom
533750,85123A,WHITE HANGING HEART T-LIGHT HOLDER,6,2010-11-18 14:17:00,2.95,15571.0,United Kingdom
538003,22752,SET 7 BABUSHKA NESTING BOXES,24,2010-12-09 12:05:00,7.65,12429.0,Denmark
538566,22308,TEA COSY BLUE STRIPE,2,2010-12-13 11:21:00,5.06,,United Kingdom
525221,22729,ALARM CLOCK BAKELIKE ORANGE,1,2010-10-04 12:51:00,7.62,,United Kingdom
537773,22960,JAM MAKING SET WITH JARS,6,2010-12-08 12:36:00,4.25,16016.0,United Kingdom
533533,20975,12 PENCILS SMALL TUBE RED RETROSPOT,24,2010-11-17 15:24:00,0.65,18172.0,United Kingdom
535655,22729,ALARM CLOCK BAKELIKE ORANGE,1,2010-11-28 11:14:00,3.75,15059.0,United Kingdom
524999,21899,"KEY FOB , GARAGE DESIGN",1,2010-10-01 17:34:00,1.66,,United Kingdom
532985,20971,PINK BLUE FELT CRAFT TRINKET BOX,2,2010-11-15 13:56:00,1.25,12733.0,USA
531865,22695,WICKER WREATH SMALL,1,2010-11-10 11:25:00,1.45,14585.0,United Kingdom
533755,21080,SET/20 RED RETROSPOT PAPER NAPKINS ,2,2010-11-18 14:25:00,0.85,15571.0,United Kingdom
534319,82482,WOODEN PICTURE FRAME WHITE FINISH,14,2010-11-22 11:37:00,2.55,,United Kingdom
537050,22749,FELTCRAFT PRINCESS CHARLOTTE DOLL,5,2010-12-05 11:10:00,3.75,14800.0,United Kingdom
539955,22652,TRAVEL SEWING KIT,1,2010-12-23 12:13:00,4.21,,United Kingdom
539492,22212,FOUR HOOK  WHITE LOVEBIRDS,1,2010-12-20 10:14:00,4.21,,United Kingdom
537218,85015,SET OF 12  VINTAGE POSTCARD SET,6,2010-12-05 15:46:00,2.55,12763.0,Japan
536592,22352,LUNCH BOX WITH CUTLERY RETROSPOT ,1,2010-12-01 17:06:00,5.06,,United Kingdom
530018,20971,PINK BLUE FELT CRAFT TRINKET BOX,24,2010-11-01 10:51:00,1.25,17612.0,United Kingdom
535835,22336,DOVE DECORATION PAINTED ZINC ,2,2010-11-29 09:46:00,1.28,,United Kingdom
530000,22752,SET 7 BABUSHKA NESTING BOXES,1,2010-11-01 09:13:00,16.98,,United Kingdom
531371,22951,60 CAKE CASES DOLLY GIRL DESIGN,6,2010-11-07 15:31:00,0.55,12867.0,United Kingdom
534679,22837,HOT WATER BOTTLE BABUSHKA ,4,2010-11-23 14:42:00,4.65,14755.0,United Kingdom
535821,22348,TEA BAG PLATE RED RETROSPOT,12,2010-11-28 15:52:00,0.85,17707.0,United Kingdom
525448,22505,MEMO BOARD COTTAGE DESIGN,1,2010-10-05 14:05:00,4.95,16938.0,United Kingdom
533740,22784,LANTERN CREAM GAZEBO ,1,2010-11-18 14:07:00,11.02,,United Kingdom
532673,21889,WOODEN BOX OF DOMINOES,1,2010-11-14 11:51:00,1.25,15038.0,United Kingdom
538040,22577,WOODEN HEART CHRISTMAS SCANDINAVIAN,6,2010-12-09 13:08:00,0.85,16520.0,United Kingdom
538184,21918,SET 12 KIDS COLOUR  CHALK STICKS,24,2010-12-10 10:21:00,0.42,17880.0,United Kingdom
534091,21806,WHITE CHRISTMAS HEART DECORATION,3,2010-11-21 11:58:00,0.42,14499.0,United Kingdom
539436,21673,WHITE SPOT BLUE CERAMIC DRAWER KNOB,5,2010-12-17 14:49:00,2.51,,United Kingdom
528640,22737,RIBBON REEL CHRISTMAS PRESENT ,5,2010-10-24 11:47:00,1.65,13555.0,United Kingdom
535399,22843,BISCUIT TIN VINTAGE GREEN,1,2010-11-26 11:01:00,6.75,15550.0,United Kingdom
527728,22909,SET OF 20 VINTAGE CHRISTMAS NAPKINS,2,2010-10-18 15:44:00,1.66,,United Kingdom
537057,20975,12 PENCILS SMALL TUBE RED RETROSPOT,1,2010-12-05 11:49:00,0.65,15351.0,United Kingdom
536956,22061,LARGE CAKE STAND  HANGING STRAWBERY,2,2010-12-03 12:43:00,9.95,14210.0,United Kingdom
525422,21907,I'M ON HOLIDAY METAL SIGN,1,2010-10-05 12:53:00,2.1,16065.0,United Kingdom
533841,70007,HI TEC ALPINE HAND WARMER,1,2010-11-19 11:12:00,1.65,17269.0,United Kingdom
538154,22186,RED STAR CARD HOLDER,1,2010-12-09 16:35:00,5.91,,United Kingdom
537614,20679,EDWARDIAN PARASOL RED,2,2010-12-07 13:29:00,5.95,16904.0,United Kingdom
537823,22108,PING! MICROWAVE PLATE,2,2010-12-08 14:25:00,3.36,,United Kingdom
525422,22693,GROW A FLYTRAP OR SUNFLOWER IN TIN,24,2010-10-05 12:53:00,1.25,16065.0,United Kingdom
526741,22348,TEA BAG PLATE RED RETROSPOT,24,2010-10-12 18:16:00,0.85,16701.0,United Kingdom
537434,20733,GOLD MINI TAPE MEASURE ,3,2010-12-06 16:57:00,0.85,,United Kingdom
534464,22149,FELTCRAFT 6 FLOWER FRIENDS,6,2010-11-23 10:02:00,2.1,15986.0,United Kingdom
527950,22940,FELTCRAFT CHRISTMAS FAIRY,3,2010-10-19 15:33:00,4.25,16795.0,United Kingdom
535321,22131,FOOD CONTAINER SET 3 LOVE HEART ,12,2010-11-25 15:14:00,1.95,12385.0,Belgium
529068,21735,TWO DOOR CURIO CABINET,1,2010-10-26 12:14:00,25.49,,United Kingdom
525950,21114,LAVENDER SCENTED FABRIC HEART,10,2010-10-07 18:45:00,1.25,16539.0,United Kingdom
531036,22073,RED RETROSPOT STORAGE JAR,1,2010-11-05 11:58:00,7.62,,United Kingdom
533503,22863,SOAP DISH BROCANTE,1,2010-11-17 13:50:00,2.95,17449.0,United Kingdom
532570,22847,BREAD BIN DINER STYLE IVORY,1,2010-11-12 13:34:00,16.95,16241.0,United Kingdom
529833,72598,SET/12 TAPER CANDLES,1,2010-10-31 12:32:00,0.85,16791.0,United Kingdom
535107,22553,PLASTERS IN TIN SKULLS,1,2010-11-25 11:17:00,1.65,14680.0,United Kingdom
532558,37500,TEA TIME TEAPOT IN GIFT BOX,2,2010-11-12 12:51:00,9.95,13693.0,United Kingdom
532682,21868,POTTING SHED TEA MUG,1,2010-11-14 12:39:00,1.25,15512.0,United Kingdom
533503,85064,CREAM SWEETHEART LETTER RACK,2,2010-11-17 13:50:00,5.45,17449.0,United Kingdom
531437,21967,PACK OF 12 SKULL TISSUES,24,2010-11-08 12:20:00,0.29,13377.0,United Kingdom
534384,22751,FELTCRAFT PRINCESS OLIVIA DOLL,4,2010-11-22 12:55:00,3.75,18145.0,United Kingdom
530850,21754,HOME BUILDING BLOCK WORD,3,2010-11-04 14:49:00,11.87,,United Kingdom
526712,20972,PINK CREAM FELT CRAFT TRINKET BOX ,12,2010-10-12 16:38:00,1.25,14154.0,United Kingdom
535414,21558,SKULL LUNCH BOX WITH CUTLERY ,2,2010-11-26 11:36:00,2.55,18118.0,United Kingdom
525221,22475,SKULL DESIGN TV DINNER TRAY,1,2010-10-04 12:51:00,11.02,,United Kingdom
539958,22372,AIRLINE BAG VINTAGE WORLD CHAMPION ,2,2010-12-23 13:26:00,4.21,,United Kingdom
537081,22750,FELTCRAFT PRINCESS LOLA DOLL,16,2010-12-05 12:00:00,3.75,15332.0,Lithuania
525969,22200,FRYING PAN PINK POLKADOT,1,2010-10-08 10:21:00,8.47,,United Kingdom
532965,21976,PACK OF 60 MUSHROOM CAKE CASES,1,2010-11-15 12:50:00,0.55,15466.0,United Kingdom
530087,22622,BOX OF VINTAGE ALPHABET BLOCKS,4,2010-11-01 13:33:00,9.95,16732.0,United Kingdom
537638,22380,TOY TIDY SPACEBOY  ,1,2010-12-07 15:28:00,4.21,,United Kingdom
526387,82494L,WOODEN FRAME ANTIQUE WHITE ,4,2010-10-11 12:48:00,2.95,16005.0,United Kingdom
537640,22834,HAND WARMER BABUSHKA DESIGN,5,2010-12-07 15:31:00,5.06,,United Kingdom
525755,84968C,SET OF 16 VINTAGE PISTACHIO CUTLERY,1,2010-10-07 10:23:00,25.49,,United Kingdom
525459,21260,FIRST AID TIN,6,2010-10-05 14:46:00,3.25,17091.0,United Kingdom
530793,22601,CHRISTMAS RETROSPOT ANGEL WOOD,6,2010-11-04 12:18:00,0.85,15910.0,United Kingdom
529512,35400,WOODEN BOX ADVENT CALENDAR ,32,2010-10-28 14:50:00,7.95,14134.0,United Kingdom
525227,22983,"CARD, BILLBOARD FONT",72,2010-10-04 13:35:00,0.36,17696.0,United Kingdom
537045,22156,HEART DECORATION WITH PEARLS ,4,2010-12-05 10:54:00,0.85,15038.0,United Kingdom
528356,22551,PLASTERS IN TIN SPACEBOY,1,2010-10-21 14:55:00,1.65,12877.0,United Kingdom
530437,20726,LUNCH BAG WOODLAND,1,2010-11-03 11:13:00,1.65,15915.0,United Kingdom
527655,21876,POTTERING MUG,1,2010-10-18 14:07:00,1.25,13387.0,United Kingdom
535485,21876,POTTERING MUG,2,2010-11-26 14:40:00,3.36,,United Kingdom
538064,21899,"KEY FOB , GARAGE DESIGN",4,2010-12-09 13:47:00,0.65,15271.0,United Kingdom
527399,22594,CHRISTMAS GINGHAM TREE,12,2010-10-17 13:58:00,0.85,15590.0,United Kingdom
537606,72741,GRAND CHOCOLATECANDLE,9,2010-12-07 13:16:00,1.45,15002.0,United Kingdom
529989,35958,FOLKART ZINC STAR CHRISTMAS DEC,1,2010-10-31 16:01:00,0.85,12748.0,United Kingdom
535349,22739,RIBBON REEL CHRISTMAS SOCK BAUBLE,10,2010-11-25 16:52:00,1.65,18245.0,United Kingdom
538651,22891,TEA FOR ONE POLKADOT,2,2010-12-13 15:07:00,4.25,15311.0,United Kingdom
530951,22434,BALLOON PUMP WITH 10 BALLOONS,6,2010-11-04 18:34:00,1.95,15521.0,United Kingdom
533337,21777,RECIPE BOX WITH METAL HEART,2,2010-11-16 18:11:00,7.95,16829.0,United Kingdom
528725,21622,VINTAGE UNION JACK CUSHION COVER,10,2010-10-24 13:17:00,4.95,17377.0,United Kingdom
536624,21212,PACK OF 72 RETROSPOT CAKE CASES,24,2010-12-02 10:45:00,0.55,13418.0,United Kingdom
536673,72816,SET/3 CHRISTMAS DECOUPAGE CANDLES,48,2010-12-02 12:11:00,1.06,14060.0,United Kingdom
539958,21094,SET/6 RED SPOTTY PAPER PLATES,5,2010-12-23 13:26:00,1.66,,United Kingdom
539292,82486,WOOD S/3 CABINET ANT WHITE FINISH,2,2010-12-16 16:42:00,7.95,16539.0,United Kingdom
527400,22112,CHOCOLATE HOT WATER BOTTLE,6,2010-10-17 13:59:00,4.95,14175.0,United Kingdom
528627,22616,PACK OF 12 LONDON TISSUES ,12,2010-10-24 11:14:00,0.29,16746.0,United Kingdom
532139,22229,BUNNY WOODEN PAINTED WITH FLOWER ,1,2010-11-11 11:18:00,1.66,,United Kingdom
527344,21351,CINAMMON & ORANGE WREATH,16,2010-10-15 15:38:00,1.95,13069.0,United Kingdom
537823,18098C,PORCELAIN BUTTERFLY OIL BURNER,2,2010-12-08 14:25:00,5.91,,United Kingdom
525360,21955,DOORMAT UNION JACK GUNS AND ROSES,1,2010-10-05 11:33:00,7.95,15039.0,United Kingdom
532139,85152,HAND OVER THE CHOCOLATE   SIGN ,2,2010-11-11 11:18:00,4.21,,United Kingdom
537775,22203,MILK PAN RED RETROSPOT,4,2010-12-08 12:41:00,3.75,17722.0,United Kingdom
538177,21623,VINTAGE UNION JACK MEMOBOARD,1,2010-12-10 09:51:00,20.38,,United Kingdom
533423,22585,PACK OF 6 BIRDY GIFT TAGS,4,2010-11-17 11:19:00,1.25,16386.0,United Kingdom
533959,15056P,EDWARDIAN PARASOL PINK,9,2010-11-19 12:56:00,5.95,12921.0,United Kingdom
539185,22748,POPPY'S PLAYHOUSE KITCHEN,1,2010-12-16 11:53:00,2.1,16470.0,United Kingdom
529504,21207,SKULL AND CROSSBONES  GARLAND ,1,2010-10-28 14:19:00,3.36,,United Kingdom
526508,84879,ASSORTED COLOUR BIRD ORNAMENT,16,2010-10-12 10:44:00,1.69,16039.0,United Kingdom
538156,22750,FELTCRAFT PRINCESS LOLA DOLL,3,2010-12-09 16:53:00,3.75,15555.0,United Kingdom
538508,22451,SILK PURSE BABUSHKA RED,1,2010-12-12 13:32:00,3.35,15998.0,United Kingdom
537193,21899,"KEY FOB , GARAGE DESIGN",12,2010-12-05 13:49:00,0.65,15023.0,United Kingdom
530590,84945,MULTI COLOUR SILVER T-LIGHT HOLDER,60,2010-11-03 14:57:00,0.85,13319.0,United Kingdom
527155,22906,12 MESSAGE CARDS WITH ENVELOPES,2,2010-10-15 11:22:00,3.36,,United Kingdom
538597,20982,12 PENCILS TALL TUBE SKULLS,3,2010-12-13 12:26:00,0.85,15555.0,United Kingdom
532010,22938,CUPCAKE LACE PAPER SET 6,2,2010-11-10 12:42:00,1.95,17321.0,United Kingdom
538349,22321,BIRD DECORATION RED RETROSPOT,2,2010-12-10 14:59:00,1.66,,United Kingdom
536544,21328,BALLOONS  WRITING SET ,2,2010-12-01 14:32:00,3.36,,United Kingdom
527468,22450,SILK PURSE BABUSHKA BLUE,3,2010-10-18 11:09:00,3.35,17377.0,United Kingdom
537638,21484,CHICK GREY HOT WATER BOTTLE,1,2010-12-07 15:28:00,7.62,,United Kingdom
525764,22592,CARDHOLDER HOLLY WREATH METAL,4,2010-10-07 10:39:00,3.75,12511.0,Greece
532953,37501,TEA TIME TEA SET IN GIFT BOX,1,2010-11-15 12:17:00,14.43,,United Kingdom
536876,20966,SANDWICH BATH SPONGE,4,2010-12-03 11:36:00,2.51,,United Kingdom
534459,85213,MINI  ZINC GARDEN DECORATIONS ,1,2010-11-23 09:12:00,1.66,,United Kingdom
537822,22533,MAGIC DRAWING SLATE BAKE A CAKE ,48,2010-12-08 14:22:00,0.42,13523.0,United Kingdom
533338,22141,CHRISTMAS CRAFT TREE TOP ANGEL,2,2010-11-16 18:18:00,4.21,,United Kingdom
526388,21121,SET/10 RED POLKADOT PARTY CANDLES,1,2010-10-11 12:52:00,1.25,17264.0,United Kingdom
536207,21870,I CAN ONLY PLEASE ONE PERSON MUG,1,2010-11-30 13:23:00,1.25,17826.0,United Kingdom
537606,21812,GARLAND WITH HEARTS AND BELLS,12,2010-12-07 13:16:00,4.95,15002.0,United Kingdom
532802,22955,36 FOIL STAR CAKE CASES ,1,2010-11-14 14:56:00,2.1,17255.0,United Kingdom
525067,21807,WHITE CHRISTMAS STAR DECORATION,2,2010-10-03 14:36:00,0.42,14579.0,United Kingdom
534364,22402,MAGNETS PACK OF 4 VINTAGE COLLAGE,12,2010-11-22 11:58:00,1.25,12681.0,France
535950,90147,CHUNKY SILVER NECKLACE PASTEL FLOWE,1,2010-11-29 12:03:00,9.95,15989.0,United Kingdom
527279,21034,REX CASH+CARRY JUMBO SHOPPER,1,2010-10-15 13:33:00,0.95,17822.0,United Kingdom
534648,21257,VICTORIAN SEWING BOX MEDIUM,2,2010-11-23 13:14:00,7.95,16019.0,United Kingdom
533132,18098C,PORCELAIN BUTTERFLY OIL BURNER,6,2010-11-16 12:49:00,2.95,15235.0,United Kingdom
537240,84988,SET OF 72 PINK HEART PAPER DOILIES,3,2010-12-06 10:08:00,2.98,,United Kingdom
535273,21912,VINTAGE SNAKES & LADDERS,1,2010-11-25 13:49:00,3.75,17989.0,United Kingdom
538880,22424,ENAMEL BREAD BIN CREAM,1,2010-12-14 15:52:00,25.49,,United Kingdom
528372,22492,MINI PAINT SET VINTAGE ,36,2010-10-21 16:55:00,0.65,17290.0,United Kingdom
534670,22587,FELTCRAFT HAIRBAND RED AND BLUE,1,2010-11-23 14:06:00,0.85,12577.0,France
528912,21520,BOOZE & WOMEN GREETING CARD ,12,2010-10-25 13:40:00,0.42,16241.0,United Kingdom
539484,21929,JUMBO BAG PINK VINTAGE PAISLEY,1,2010-12-19 15:44:00,1.95,15640.0,United Kingdom
536613,22544,MINI JIGSAW SPACEBOY,24,2010-12-02 09:44:00,0.42,17855.0,United Kingdom
537638,22651,GENTLEMAN SHIRT REPAIR KIT ,8,2010-12-07 15:28:00,1.66,,United Kingdom
531350,22546,MINI JIGSAW PURDEY,6,2010-11-07 13:31:00,0.42,12748.0,United Kingdom
536876,84947,ANTIQUE SILVER TEA GLASS ENGRAVED,1,2010-12-03 11:36:00,2.51,,United Kingdom
537050,22633,HAND WARMER UNION JACK,2,2010-12-05 11:10:00,2.1,14800.0,United Kingdom
535803,84674,FLYING PIG WATERING CAN,4,2010-11-28 14:57:00,2.95,14410.0,United Kingdom
535348,22801,ANTIQUE GLASS PEDESTAL BOWL,2,2010-11-25 16:46:00,3.75,15051.0,United Kingdom
534671,84750B,BLACK SMALL GLASS CAKE STAND,4,2010-11-23 14:17:00,1.95,17766.0,United Kingdom
539453,21115,ROSE CARAVAN DOORSTOP,1,2010-12-17 17:08:00,14.43,,United Kingdom
538166,21915,RED  HARMONICA IN BOX ,5,2010-12-09 18:09:00,1.25,17965.0,United Kingdom
531338,22838,3 TIER CAKE TIN RED AND CREAM,2,2010-11-07 12:47:00,14.95,16928.0,United Kingdom
532419,22594,CHRISTMAS GINGHAM TREE,3,2010-11-12 09:18:00,1.66,,United Kingdom
530716,20681,PINK POLKADOT CHILDRENS UMBRELLA,1,2010-11-04 11:37:00,3.25,17987.0,United Kingdom
526850,22059,CERAMIC STRAWBERRY DESIGN MUG,12,2010-10-13 12:36:00,1.49,16238.0,United Kingdom
531444,20981,12 PENCILS TALL TUBE WOODLAND,24,2010-11-08 12:35:00,0.85,12748.0,United Kingdom
534877,85199S,SMALL HANGING IVORY/RED WOOD BIRD,10,2010-11-24 14:39:00,0.42,15471.0,United Kingdom
530651,22947,WOODEN ADVENT CALENDAR RED,12,2010-11-04 09:06:00,12.75,16590.0,United Kingdom
539990,84380,SET OF 3 BUTTERFLY COOKIE CUTTERS,1,2010-12-23 16:31:00,1.25,,United Kingdom
535346,20914,SET/5 RED RETROSPOT LID GLASS BOWLS,6,2010-11-25 16:44:00,2.95,12961.0,United Kingdom
537645,22518,CHILDS GARDEN BRUSH BLUE,1,2010-12-07 15:34:00,4.21,,United Kingdom
536796,21967,PACK OF 12 SKULL TISSUES,1,2010-12-02 15:46:00,0.29,15574.0,United Kingdom
538012,22694,WICKER STAR ,2,2010-12-09 12:32:00,2.1,14527.0,United Kingdom
533501,22467,GUMBALL COAT RACK,1,2010-11-17 13:50:00,2.55,15862.0,United Kingdom
532675,21165,BEWARE OF THE CAT METAL SIGN ,2,2010-11-14 12:02:00,1.69,,United Kingdom
525446,84991,60 TEATIME FAIRY CAKE CASES,120,2010-10-05 13:56:00,0.42,17307.0,United Kingdom
536000,22333,RETROSPOT PARTY BAG + STICKER SET,2,2010-11-29 14:13:00,1.65,14606.0,United Kingdom
532445,22633,HAND WARMER UNION JACK,1,2010-11-12 11:31:00,2.1,17772.0,United Kingdom
529068,21992,VINTAGE PAISLEY STATIONERY SET,3,2010-10-26 12:14:00,2.51,,United Kingdom
535835,20966,SANDWICH BATH SPONGE,1,2010-11-29 09:46:00,2.51,,United Kingdom
529837,35970,ZINC FOLKART SLEIGH BELLS,2,2010-10-31 12:34:00,1.69,16784.0,United Kingdom
533022,21032,SPACE CADET WHITE,1,2010-11-15 15:54:00,1.25,12970.0,United Kingdom
530974,21015,DARK BIRD HOUSE TREE DECORATION,24,2010-11-05 10:15:00,0.85,14882.0,United Kingdom
532798,22550,HOLIDAY FUN LUDO,4,2010-11-14 14:47:00,3.75,17544.0,United Kingdom
531468,22695,WICKER WREATH SMALL,6,2010-11-08 13:58:00,1.45,14821.0,United Kingdom
536464,22735,RIBBON REEL SOCKS AND MITTENS,2,2010-12-01 12:23:00,1.65,17968.0,United Kingdom
538707,22080,RIBBON REEL POLKADOTS ,2,2010-12-14 10:38:00,1.65,17894.0,United Kingdom
531387,22717,CARD DOG AND BALL ,1,2010-11-08 09:20:00,0.85,,United Kingdom
537374,79051A,SMOKEY GREY COLOUR D.O.F. GLASS,4,2010-12-06 12:55:00,0.65,17259.0,United Kingdom
525037,22585,PACK OF 6 BIRDY GIFT TAGS,12,2010-10-03 12:40:00,1.25,14911.0,EIRE
536544,20914,SET/5 RED RETROSPOT LID GLASS BOWLS,3,2010-12-01 14:32:00,5.91,,United Kingdom
529307,22587,FELTCRAFT HAIRBAND RED AND BLUE,12,2010-10-27 12:53:00,0.85,13880.0,United Kingdom
526763,22907,PACK OF 20 NAPKINS PANTRY DESIGN,12,2010-10-13 11:05:00,0.85,13792.0,United Kingdom
530567,21889,WOODEN BOX OF DOMINOES,5,2010-11-03 14:00:00,1.25,17254.0,United Kingdom
539324,22583,PACK OF 6 HANDBAG GIFT BOXES,2,2010-12-16 19:51:00,2.55,14985.0,United Kingdom
534163,22082,RIBBON REEL STRIPES DESIGN ,5,2010-11-21 13:00:00,1.65,14512.0,United Kingdom
535839,22142,CHRISTMAS CRAFT WHITE FAIRY ,40,2010-11-29 10:11:00,1.25,13408.0,United Kingdom
537370,22147,FELTCRAFT BUTTERFLY HEARTS,2,2010-12-06 12:44:00,1.45,13155.0,United Kingdom
530546,22749,FELTCRAFT PRINCESS CHARLOTTE DOLL,8,2010-11-03 13:14:00,3.75,16183.0,United Kingdom
538508,22450,SILK PURSE BABUSHKA BLUE,1,2010-12-12 13:32:00,3.35,15998.0,United Kingdom
535615,21488,RED WHITE SCARF  HOT WATER BOTTLE,24,2010-11-26 17:00:00,3.45,15856.0,United Kingdom
537462,20726,LUNCH BAG WOODLAND,6,2010-12-07 10:06:00,1.65,17228.0,United Kingdom
539036,85174,S/4 CACTI CANDLES,16,2010-12-15 14:35:00,1.95,14913.0,United Kingdom
535951,21494,ROTATING LEAVES T-LIGHT HOLDER,2,2010-11-29 12:06:00,5.91,,United Kingdom
534859,21326,AGED GLASS SILVER T-LIGHT HOLDER,2,2010-11-24 13:56:00,1.66,,United Kingdom
525165,21166,COOK WITH WINE METAL SIGN ,12,2010-10-04 12:07:00,1.95,16458.0,United Kingdom
526946,22075,6 RIBBONS ELEGANT CHRISTMAS ,12,2010-10-14 10:36:00,1.65,16558.0,United Kingdom
531800,22955,36 FOIL STAR CAKE CASES ,6,2010-11-09 15:45:00,2.1,15281.0,United Kingdom
530060,21012,ANTIQUE ALL GLASS CANDLESTICK,12,2010-11-01 11:35:00,2.51,,United Kingdom
534091,22554,PLASTERS IN TIN WOODLAND ANIMALS,2,2010-11-21 11:58:00,1.65,14499.0,United Kingdom
538517,22749,FELTCRAFT PRINCESS CHARLOTTE DOLL,1,2010-12-12 16:05:00,3.75,17618.0,United Kingdom
530615,84947,ANTIQUE SILVER TEA GLASS ENGRAVED,6,2010-11-03 15:54:00,1.25,16712.0,United Kingdom
532063,46776D,WOVEN SUNSET CUSHION COVER ,1,2010-11-10 14:48:00,4.21,,United Kingdom
537826,22966,GINGERBREAD MAN COOKIE CUTTER,1,2010-12-08 14:38:00,1.25,15581.0,United Kingdom
537852,21817,GLITTER CHRISTMAS TREE,36,2010-12-08 15:56:00,0.85,17340.0,United Kingdom
533338,22505,MEMO BOARD COTTAGE DESIGN,1,2010-11-16 18:18:00,11.02,,United Kingdom
535475,21430,SET/3 RED GINGHAM ROSE STORAGE BOX,1,2010-11-26 14:09:00,3.75,17817.0,United Kingdom
537265,22962,JAM JAR WITH PINK LID,6,2010-12-06 11:26:00,0.85,15919.0,United Kingdom
536874,22076,6 RIBBONS EMPIRE  ,1,2010-12-03 11:35:00,1.65,16891.0,United Kingdom
532821,22780,LIGHT GARLAND BUTTERFILES PINK,2,2010-11-14 16:32:00,4.25,14382.0,United Kingdom
534412,22904,CALENDAR PAPER CUT DESIGN,2,2010-11-22 14:44:00,2.95,17757.0,United Kingdom
539754,20700,GREEN CAT FLORAL CUSHION COVER ,1,2010-12-21 16:06:00,3.75,12748.0,United Kingdom
537240,21452,TOADSTOOL MONEY BOX,1,2010-12-06 10:08:00,5.91,,United Kingdom
532626,22845,VINTAGE CREAM CAT FOOD CONTAINER,2,2010-11-12 15:33:00,6.35,12779.0,Poland
532985,22900, SET 2 TEA TOWELS I LOVE LONDON ,4,2010-11-15 13:56:00,2.95,12733.0,USA
538808,22988,SOLDIERS EGG CUP ,12,2010-12-14 12:11:00,1.25,14057.0,United Kingdom
535090,21258,VICTORIAN SEWING BOX LARGE,1,2010-11-25 10:11:00,12.75,13958.0,United Kingdom
531353,35240,ENAMEL BLUE RIM OVAL TRAY SET/2,1,2010-11-07 13:47:00,8.49,15571.0,United Kingdom
532068,82578,KITCHEN METAL SIGN,2,2010-11-10 14:54:00,0.55,12855.0,United Kingdom
530843,22764,"RUSTIC WOODEN CABINET, GLASS DOORS",2,2010-11-04 14:21:00,24.95,14895.0,United Kingdom
530303,22910,PAPER CHAIN KIT VINTAGE CHRISTMAS,6,2010-11-02 13:12:00,2.95,15950.0,United Kingdom
527459,22624,IVORY KITCHEN SCALES,2,2010-10-18 10:32:00,8.5,16069.0,United Kingdom
539404,84380,SET OF 3 BUTTERFLY COOKIE CUTTERS,4,2010-12-17 12:24:00,1.25,17315.0,United Kingdom
529323,85068,CREAM SWEETHEART SHELF + HOOKS,2,2010-10-27 14:05:00,7.95,16713.0,United Kingdom
532291,21791,VINTAGE HEADS AND TAILS CARD GAME ,3,2010-11-11 13:27:00,1.25,16284.0,United Kingdom
527444,21803,CHRISTMAS TREE STAR DECORATION,2,2010-10-18 09:28:00,0.43,,United Kingdom
539736,22960,JAM MAKING SET WITH JARS,1,2010-12-21 15:18:00,8.47,,United Kingdom
536987,20685,DOORMAT RED RETROSPOT,2,2010-12-03 14:54:00,7.95,17198.0,United Kingdom
538503,22511,RETROSPOT BABUSHKA DOORSTOP,8,2010-12-12 12:56:00,1.25,17188.0,United Kingdom
529132,21731,RED TOADSTOOL LED NIGHT LIGHT,24,2010-10-26 14:42:00,1.65,13157.0,United Kingdom
529313,22698,PINK REGENCY TEACUP AND SAUCER,4,2010-10-27 13:18:00,2.95,15373.0,United Kingdom
529938,22630,DOLLY GIRL LUNCH BOX,12,2010-10-31 14:49:00,1.95,13267.0,United Kingdom
539631,22246,MAGIC GARDEN FELT GARLAND ,1,2010-12-20 15:03:00,4.21,,United Kingdom
535802,84950,ASSORTED COLOUR T-LIGHT HOLDER,12,2010-11-28 14:57:00,0.65,14030.0,United Kingdom
531387,84580,MOUSE TOY WITH PINK T-SHIRT,1,2010-11-08 09:20:00,4.21,,United Kingdom
539436,22352,LUNCH BOX WITH CUTLERY RETROSPOT ,1,2010-12-17 14:49:00,5.06,,United Kingdom
538093,20726,LUNCH BAG WOODLAND,10,2010-12-09 14:49:00,1.65,12682.0,France
536743,90175C,BLUE GLASS CHUNKY CHARM BRACELET,1,2010-12-02 13:32:00,8.95,17964.0,United Kingdom
536520,85123A,WHITE HANGING HEART T-LIGHT HOLDER,3,2010-12-01 12:43:00,2.95,14729.0,United Kingdom
531493,22508,DOORSTOP RETROSPOT HEART,1,2010-11-08 15:12:00,3.75,17984.0,United Kingdom
527139,22411,JUMBO SHOPPER VINTAGE RED PAISLEY,10,2010-10-15 10:16:00,1.95,13136.0,United Kingdom
529329,21231,SWEETHEART CERAMIC TRINKET BOX,4,2010-10-27 14:34:00,1.25,14159.0,United Kingdom
531843,21175,GIN + TONIC DIET METAL SIGN,1,2010-11-10 09:34:00,4.21,,United Kingdom
530164,84029E,RED WOOLLY HOTTIE WHITE HEART.,24,2010-11-02 08:47:00,3.39,16133.0,United Kingdom
533106,22952,60 CAKE CASES VINTAGE CHRISTMAS,24,2010-11-16 11:54:00,0.55,16083.0,United Kingdom
528954,22492,MINI PAINT SET VINTAGE ,36,2010-10-26 08:11:00,0.65,14156.0,EIRE
532021,85094,CANDY SPOT EGG WARMER RABBIT,2,2010-11-10 13:09:00,1.25,16208.0,United Kingdom
525081,22575,METAL MERRY CHRISTMAS WREATH,8,2010-10-03 15:41:00,1.95,17069.0,United Kingdom
538884,85114a,BLACK ENCHANTED FOREST PLACEMAT,1,2010-12-14 15:56:00,3.36,,United Kingdom
536956,22358,KINGS CHOICE TEA CADDY ,6,2010-12-03 12:43:00,2.95,14210.0,United Kingdom
527657,22838,"CAKE TIN, 3 TIER RED/IVORY",1,2010-10-18 14:12:00,14.95,16141.0,United Kingdom
531382,22113,GREY HEART HOT WATER BOTTLE,1,2010-11-07 16:29:00,3.75,16549.0,United Kingdom
525879,22551,PLASTERS IN TIN SPACEBOY,12,2010-10-07 14:24:00,1.65,15228.0,United Kingdom
526086,22950,36 DOILIES VINTAGE CHRISTMAS,48,2010-10-08 12:08:00,1.45,14885.0,United Kingdom
537265,46000M,POLYESTER FILLER PAD 45x45cm,2,2010-12-06 11:26:00,1.55,15919.0,United Kingdom
531773,82600,NO SINGING METAL SIGN,2,2010-11-09 14:38:00,2.1,15678.0,United Kingdom
538625,21672,WHITE SPOT RED CERAMIC DRAWER KNOB,12,2010-12-13 12:50:00,1.25,14544.0,United Kingdom
527655,20977,36 PENCILS TUBE WOODLAND,1,2010-10-18 14:07:00,1.25,13387.0,United Kingdom
537354,85099B,JUMBO BAG RED RETROSPOT,6,2010-12-06 12:23:00,1.95,12748.0,United Kingdom
535951,22197,SMALL POPCORN HOLDER,4,2010-11-29 12:06:00,1.66,,United Kingdom
527174,22418,10 COLOUR SPACEBOY PEN,1,2010-10-15 11:40:00,2.51,,United Kingdom
525064,21247,SET OF RED SALAD SERVERS ,12,2010-10-03 14:23:00,1.49,13032.0,United Kingdom
537698,84945,MULTI COLOUR SILVER T-LIGHT HOLDER,384,2010-12-08 10:51:00,0.72,13199.0,United Kingdom
531513,85035A,GARDENIA 3 WICK MORRIS BOXED CANDLE,1,2010-11-08 16:31:00,4.25,18098.0,United Kingdom
535409,22469,HEART OF WICKER SMALL,6,2010-11-26 11:24:00,1.65,14507.0,United Kingdom
535669,22164,STRING OF STARS CARD HOLDER,12,2010-11-28 12:03:00,2.95,13758.0,United Kingdom
534739,22381,TOY TIDY PINK POLKADOT,15,2010-11-24 08:35:00,2.1,16316.0,United Kingdom
532799,84536A,ENGLISH ROSE NOTEBOOK A7 SIZE,6,2010-11-14 14:49:00,0.42,14599.0,United Kingdom
529093,84709B,PINK OVAL JEWELLED MIRROR,6,2010-10-26 13:39:00,5.95,14911.0,EIRE
525961,21232,STRAWBERRY CERAMIC TRINKET BOX,1,2010-10-07 19:57:00,1.25,,United Kingdom
530850,22086,PAPER CHAIN KIT 50'S CHRISTMAS ,10,2010-11-04 14:49:00,5.91,,United Kingdom
535662,22699,ROSES REGENCY TEACUP AND SAUCER ,1,2010-11-28 11:37:00,2.95,16782.0,United Kingdom
527397,22840,ROUND CAKE TIN VINTAGE RED,1,2010-10-17 13:40:00,7.95,17757.0,United Kingdom
526236,20671,BLUE TEATIME PRINT BOWL ,1,2010-10-10 16:08:00,1.25,14723.0,United Kingdom
534006,22728,ALARM CLOCK BAKELIKE PINK,1,2010-11-19 14:29:00,8.47,,United Kingdom
535958,22791,T-LIGHT GLASS FLUTED ANTIQUE,2,2010-11-29 12:33:00,1.25,16161.0,United Kingdom
526458,22566,FELTCRAFT HAIRBAND PINK AND PURPLE,12,2010-10-11 15:57:00,0.85,17273.0,United Kingdom
537794,21169,YOU'RE CONFUSING ME METAL SIGN ,2,2010-12-08 13:01:00,1.69,16713.0,United Kingdom
537212,22345,PARTY PIZZA DISH BLUE POLKADOT,12,2010-12-05 15:21:00,0.85,12720.0,Germany
538354,22561,WOODEN SCHOOL COLOURING SET,24,2010-12-10 15:45:00,1.65,16873.0,United Kingdom
526028,22417,PACK OF 60 SPACEBOY CAKE CASES,2,2010-10-08 11:45:00,0.55,16549.0,United Kingdom
528340,21161,KEEP OUT BOYS DOOR HANGER ,2,2010-10-21 14:05:00,1.45,17673.0,United Kingdom
528304,21240,BLUE POLKADOT CUP,8,2010-10-21 12:05:00,0.85,16550.0,United Kingdom
537469,22112,CHOCOLATE HOT WATER BOTTLE,24,2010-12-07 10:43:00,4.25,17720.0,United Kingdom
532051,20978,36 PENCILS TUBE SKULLS,16,2010-11-10 14:16:00,1.25,14911.0,EIRE
526759,22457,NATURAL SLATE HEART CHALKBOARD ,6,2010-10-13 10:46:00,2.95,18075.0,United Kingdom
530799,20766,GARDEN PATH SKETCHBOOK,32,2010-11-04 12:31:00,2.95,12497.0,Germany
527428,22398,MAGNETS PACK OF 4 SWALLOWS,6,2010-10-17 16:17:00,1.25,16283.0,United Kingdom
537405,15044B,BLUE PAPER PARASOL ,1,2010-12-06 14:51:00,2.95,17841.0,United Kingdom
534289,22666,RECIPE BOX PANTRY YELLOW DESIGN,4,2010-11-22 11:25:00,5.91,,United Kingdom
536634,21679,SKULLS  STICKERS,30,2010-12-02 11:21:00,0.85,18041.0,United Kingdom
536464,22197,SMALL POPCORN HOLDER,5,2010-12-01 12:23:00,0.85,17968.0,United Kingdom
536977,21080,SET/20 RED RETROSPOT PAPER NAPKINS ,7,2010-12-03 14:18:00,0.85,17954.0,United Kingdom
530130,21060,PARTY INVITES BALLOON GIRL,12,2010-11-01 15:28:00,0.85,14911.0,EIRE
536632,21479,WHITE SKULL HOT WATER BOTTLE ,4,2010-12-02 11:02:00,3.75,14388.0,United Kingdom
533533,20974,12 PENCILS SMALL TUBE SKULL,24,2010-11-17 15:24:00,0.65,18172.0,United Kingdom
534870,21806,WHITE CHRISTMAS HEART DECORATION,2,2010-11-24 14:29:00,0.42,17601.0,United Kingdom
534756,21166,COOK WITH WINE METAL SIGN ,2,2010-11-24 10:03:00,4.21,,United Kingdom
531843,48185,DOORMAT FAIRY CAKE,1,2010-11-10 09:34:00,14.43,,United Kingdom
538071,84536B,FAIRY CAKES NOTEBOOK A7 SIZE,1,2010-12-09 14:09:00,0.85,,United Kingdom
534468,22114,HOT WATER BOTTLE TEA AND SYMPATHY,24,2010-11-23 10:15:00,3.45,17044.0,United Kingdom
532063,21774,DECORATIVE CATS BATHROOM BOTTLE,1,2010-11-10 14:48:00,2.51,,United Kingdom
537641,37370,RETRO COFFEE MUGS ASSORTED,1,2010-12-07 15:32:00,16.13,,United Kingdom
537042,20773,BLUE PAISLEY NOTEBOOK,1,2010-12-05 10:45:00,1.65,13838.0,United Kingdom
526177,22192,BLUE DINER WALL CLOCK,1,2010-10-10 11:33:00,8.5,15708.0,United Kingdom
536778,21422,PORCELAIN ROSE SMALL,16,2010-12-02 15:03:00,0.85,13138.0,United Kingdom
539654,20686,DOLLY MIXTURE CHILDREN'S UMBRELLA,4,2010-12-20 17:05:00,3.25,17340.0,United Kingdom
527118,85123A,WHITE HANGING HEART T-LIGHT HOLDER,12,2010-10-14 18:02:00,2.95,15717.0,United Kingdom
529766,22756,LARGE YELLOW BABUSHKA NOTEBOOK ,12,2010-10-29 15:04:00,1.25,14490.0,United Kingdom
537142,47566,PARTY BUNTING,1,2010-12-05 12:57:00,4.65,12748.0,United Kingdom
529821,22635,CHILDS BREAKFAST SET DOLLY GIRL ,3,2010-10-31 11:32:00,9.95,13677.0,United Kingdom
531237,21908,CHOCOLATE THIS WAY METAL SIGN,12,2010-11-07 10:22:00,2.1,15465.0,United Kingdom
537794,21430,SET/3 RED GINGHAM ROSE STORAGE BOX,3,2010-12-08 13:01:00,3.75,16713.0,United Kingdom
526669,20717,STRAWBERRY SHOPPER BAG,4,2010-10-12 15:46:00,1.25,14838.0,United Kingdom
528471,22841,ROUND CAKE TIN VINTAGE GREEN,2,2010-10-22 11:41:00,7.95,16053.0,United Kingdom
530537,22415,WHITE TISSUE REAM,2,2010-11-03 12:49:00,7.95,12748.0,United Kingdom
528868,71477,COLOUR GLASS. STAR T-LIGHT HOLDER,1,2010-10-25 11:33:00,3.25,15976.0,United Kingdom
537240,22624,IVORY KITCHEN SCALES,1,2010-12-06 10:08:00,16.98,,United Kingdom
526489,22606,WOODEN SKITTLES GARDEN SET,1,2010-10-12 08:51:00,15.95,13971.0,United Kingdom
528445,85031B,BLOSSOM IMAGES SCRAP BOOK SET,1,2010-10-22 11:00:00,4.95,12748.0,United Kingdom
524945,22753,SMALL YELLOW BABUSHKA NOTEBOOK ,2,2010-10-01 12:27:00,0.85,13566.0,United Kingdom
534176,84536B,FAIRY CAKES NOTEBOOK A7 SIZE,16,2010-11-21 13:42:00,0.42,17244.0,United Kingdom
534870,21820,GLITTER HEART GARLAND WITH BELLS ,1,2010-11-24 14:29:00,3.75,17601.0,United Kingdom
538421,21739,COSY SLIPPER SHOES SMALL GREEN,1,2010-12-12 12:08:00,2.95,17917.0,United Kingdom
536388,21411,GINGHAM HEART  DOORSTOP RED,3,2010-12-01 09:59:00,4.25,16250.0,United Kingdom
535413,22356,CHARLOTTE BAG PINK POLKADOT,10,2010-11-26 11:34:00,2.51,,United Kingdom
531767,21063,PARTY INVITES JAZZ HEARTS,1,2010-11-09 14:04:00,0.85,17841.0,United Kingdom
525524,22866,HAND WARMER SCOTTY DOG DESIGN,1,2010-10-05 17:55:00,2.1,15750.0,United Kingdom
530323,22772,PINK DRAWER KNOB ACRYLIC EDWARDIAN,12,2010-11-02 13:36:00,1.25,16255.0,United Kingdom
531728,22632,HAND WARMER RED RETROSPOT,2,2010-11-09 12:07:00,2.1,16223.0,United Kingdom
538877,22411,JUMBO SHOPPER VINTAGE RED PAISLEY,12,2010-12-14 15:29:00,4.21,,United Kingdom
531490,20971,PINK BLUE FELT CRAFT TRINKET BOX,6,2010-11-08 15:09:00,1.25,15005.0,United Kingdom
538809,22549,PICTURE DOMINOES,24,2010-12-14 12:17:00,1.45,15514.0,United Kingdom
535092,84970S,HANGING HEART ZINC T-LIGHT HOLDER,12,2010-11-25 10:20:00,0.85,13987.0,United Kingdom
526405,21143,ANTIQUE GLASS HEART DECORATION ,1,2010-10-11 13:53:00,4.21,,United Kingdom
538368,22726,ALARM CLOCK BAKELIKE GREEN,1,2010-12-12 10:57:00,3.75,15503.0,United Kingdom
530340,71477,COLOUR GLASS. STAR T-LIGHT HOLDER,24,2010-11-02 14:58:00,2.75,16709.0,United Kingdom
531232,21407,BROWN CHECK CAT DOORSTOP ,2,2010-11-05 17:30:00,4.25,,EIRE
537138,22114,HOT WATER BOTTLE TEA AND SYMPATHY,2,2010-12-05 12:44:00,3.95,17211.0,United Kingdom
538095,22909,SET OF 20 VINTAGE CHRISTMAS NAPKINS,2,2010-12-09 14:55:00,0.85,17097.0,Spain
537815,22867,HAND WARMER BIRD DESIGN,12,2010-12-08 13:49:00,2.1,17676.0,United Kingdom
529503,21584,RETROSPOT SMALL TUBE MATCHES,2,2010-10-28 14:15:00,1.65,16343.0,United Kingdom
534407,22154,ANGEL DECORATION 3 BUTTONS ,10,2010-11-22 14:27:00,0.42,16011.0,United Kingdom
527403,90082A,DIAMANTE BOW BROOCH GREEN COLOUR,3,2010-10-17 14:26:00,6.35,15799.0,United Kingdom
537200,47367B,PAIR PADDED HANGERS PINK CHECK,2,2010-12-05 14:17:00,3.75,15867.0,United Kingdom
530103,22807,SET OF 6 T-LIGHTS TOADSTOOLS,2,2010-11-01 14:11:00,2.95,17190.0,United Kingdom
537608,84949,SILVER HANGING T-LIGHT HOLDER,12,2010-12-07 13:20:00,1.65,15024.0,United Kingdom
528276,22837,HOT WATER BOTTLE BABUSHKA ,4,2010-10-21 11:56:00,4.65,16992.0,United Kingdom
531248,21159,MOODY BOY  DOOR HANGER ,2,2010-11-07 10:59:00,1.45,16444.0,United Kingdom
528089,20914,SET/5 RED RETROSPOT LID GLASS BOWLS,1,2010-10-20 13:12:00,2.95,14449.0,United Kingdom
526405,22419,LIPSTICK PEN RED,1,2010-10-11 13:53:00,0.85,,United Kingdom
526171,21892,TRADITIONAL WOODEN CATCH CUP GAME ,4,2010-10-10 10:49:00,1.25,16444.0,United Kingdom
528647,22189,CREAM HEART CARD HOLDER,1,2010-10-24 12:36:00,3.95,14277.0,France
532087,21055,TOOL BOX SOFT TOY ,6,2010-11-10 15:32:00,8.95,13735.0,United Kingdom
536409,21065,BOOM BOX SPEAKER GIRLS,1,2010-12-01 11:45:00,5.95,17908.0,United Kingdom
539958,22263,FELT EGG COSY LADYBIRD ,4,2010-12-23 13:26:00,0.81,,United Kingdom
537643,21775,DECORATIVE FLORE BATHROOM BOTTLE,1,2010-12-07 15:34:00,2.51,,United Kingdom
531732,22653,BUTTON BOX ,10,2010-11-09 12:26:00,1.95,15394.0,United Kingdom
534709,90136,PALE PINK/AMETHYST STONE NECKLACE,1,2010-11-23 16:53:00,10.62,,United Kingdom
527514,22734,SET OF 6 RIBBONS VINTAGE CHRISTMAS,7,2010-10-18 12:58:00,2.55,16017.0,United Kingdom
535407,22811,SET OF 6 T-LIGHTS CACTI ,2,2010-11-26 11:20:00,5.91,,United Kingdom
538397,22858,EASTER TIN KEEPSAKE,42,2010-12-12 11:44:00,1.65,12753.0,Japan
532055,20684,STRAWBERRY DREAM CHILDS UMBRELLA,3,2010-11-10 14:26:00,3.25,15529.0,United Kingdom
538652,22727,ALARM CLOCK BAKELIKE RED ,2,2010-12-13 15:12:00,3.75,17890.0,United Kingdom
534054,22895,SET OF 2 TEA TOWELS APPLE AND PEARS,3,2010-11-21 10:38:00,2.95,16746.0,United Kingdom
531366,22551,PLASTERS IN TIN SPACEBOY,12,2010-11-07 14:52:00,1.65,14038.0,United Kingdom
536038,84520B,PACK 20 ENGLISH ROSE PAPER NAPKINS,6,2010-11-29 17:11:00,0.85,14130.0,United Kingdom
537126,22331,WOODLAND PARTY BAG + STICKER SET,1,2010-12-05 12:13:00,1.65,18118.0,United Kingdom
535995,22197,SMALL POPCORN HOLDER,9,2010-11-29 13:50:00,0.85,15026.0,United Kingdom
534709,21447,12 IVORY ROSE PEG PLACE SETTINGS,1,2010-11-23 16:53:00,2.51,,United Kingdom
526662,21667,GLASS CAKE COVER AND PLATE,2,2010-10-12 15:09:00,16.95,16551.0,United Kingdom
536532,22494,EMERGENCY FIRST AID TIN ,24,2010-12-01 13:24:00,1.25,12433.0,Norway
525755,21986,PACK OF 12 PINK POLKADOT TISSUES,1,2010-10-07 10:23:00,0.85,,United Kingdom
534579,21427,SKULLS STORAGE BOX SMALL,2,2010-11-23 12:32:00,2.1,14606.0,United Kingdom
539492,22099,CARAVAN SQUARE TISSUE BOX,1,2010-12-20 10:14:00,2.51,,United Kingdom
532419,22616,PACK OF 12 LONDON TISSUES ,2,2010-11-12 09:18:00,0.85,,United Kingdom
536592,22801,ANTIQUE GLASS PEDESTAL BOWL,2,2010-12-01 17:06:00,7.62,,United Kingdom
530829,84997C,BLUE 3 PIECE POLKADOT CUTLERY SET,6,2010-11-04 13:32:00,3.75,14447.0,United Kingdom
525366,22554,PLASTERS IN TIN WOODLAND ANIMALS,6,2010-10-05 11:34:00,1.65,17019.0,United Kingdom
526915,21208,PASTEL COLOUR HONEYCOMB FAN,1,2010-10-13 16:18:00,1.65,15652.0,United Kingdom
530280,21166,COOK WITH WINE METAL SIGN ,1,2010-11-02 12:02:00,1.95,16117.0,United Kingdom
538148,22197,SMALL POPCORN HOLDER,2,2010-12-09 16:26:00,1.66,,United Kingdom
537771,22174,PHOTO CUBE,48,2010-12-08 12:29:00,1.48,15498.0,United Kingdom
538071,21981,PACK OF 12 WOODLAND TISSUES ,3,2010-12-09 14:09:00,0.85,,United Kingdom
525234,21556,CERAMIC STRAWBERRY MONEY BOX,6,2010-10-04 14:15:00,2.55,15730.0,United Kingdom
538071,85131D,BEADED CRYSTAL HEART PINK ON STICK,2,2010-12-09 14:09:00,0.85,,United Kingdom
531350,22304,COFFEE MUG BLUE PAISLEY DESIGN,4,2010-11-07 13:31:00,2.55,12748.0,United Kingdom
537781,21379,CAMPHOR WOOD PORTOBELLO MUSHROOM,1,2010-12-08 12:46:00,1.25,17341.0,United Kingdom
525755,84510E,SET OF 4 GREEN CAROUSEL COASTERS,1,2010-10-07 10:23:00,2.51,,United Kingdom
528895,21232,STRAWBERRY CERAMIC TRINKET BOX,12,2010-10-25 13:03:00,1.25,12748.0,United Kingdom
535418,22866,HAND WARMER SCOTTY DOG DESIGN,20,2010-11-26 11:47:00,2.1,17377.0,United Kingdom
536592,21109,"LARGE CAKE TOWEL, CHOCOLATE SPOTS",1,2010-12-01 17:06:00,13.57,,United Kingdom
537640,21976,PACK OF 60 MUSHROOM CAKE CASES,5,2010-12-07 15:31:00,2.13,,United Kingdom
534754,20681,PINK POLKADOT CHILDRENS UMBRELLA,3,2010-11-24 10:02:00,6.77,,United Kingdom
531437,22835,HOT WATER BOTTLE I AM SO POORLY,4,2010-11-08 12:20:00,4.65,13377.0,United Kingdom
529031,40001,WHITE BAMBOO RIBS LAMPSHADE,144,2010-10-26 11:45:00,0.64,15311.0,United Kingdom
538040,20961,STRAWBERRY BATH SPONGE ,2,2010-12-09 13:08:00,1.25,16520.0,United Kingdom
534679,82599,FANNY'S REST STOPMETAL SIGN,12,2010-11-23 14:42:00,2.1,14755.0,United Kingdom
537240,21871,SAVE THE PLANET MUG,2,2010-12-06 10:08:00,3.36,,United Kingdom
535958,21481,FAWN BLUE HOT WATER BOTTLE,3,2010-11-29 12:33:00,2.95,16161.0,United Kingdom
526914,22898,CHILDRENS APRON APPLES DESIGN,3,2010-10-13 16:17:00,1.95,17338.0,United Kingdom
535413,22745,POPPY'S PLAYHOUSE BEDROOM ,2,2010-11-26 11:34:00,5.06,,United Kingdom
532953,22114,HOT WATER BOTTLE TEA AND SYMPATHY,5,2010-11-15 12:17:00,8.47,,United Kingdom
534174,21980,PACK OF 12 RED RETROSPOT TISSUES ,12,2010-11-21 13:35:00,0.29,12573.0,France
532647,22835,HOT WATER BOTTLE I AM SO POORLY,1,2010-11-14 10:11:00,4.65,17243.0,United Kingdom
532382,22800,ANTIQUE TALL SWIRLGLASS TRINKET POT,4,2010-11-11 18:24:00,3.75,16081.0,United Kingdom
538071,20897,VINTAGE NOTEBOOK PARIS DAYS,1,2010-12-09 14:09:00,5.91,,United Kingdom
527261,22896,PEG BAG APPLE DESIGN,6,2010-10-15 12:44:00,2.55,13767.0,United Kingdom
528598,22112,CHOCOLATE HOT WATER BOTTLE,3,2010-10-22 14:53:00,4.95,15750.0,United Kingdom
532613,22866,HAND WARMER SCOTTY DOG DESIGN,7,2010-11-12 15:20:00,4.21,,United Kingdom
534201,22096,PINK PAISLEY SQUARE TISSUE BOX ,2,2010-11-21 15:24:00,1.25,13550.0,United Kingdom
538524,22628,PICNIC BOXES SET OF 3 RETROSPOT ,1,2010-12-13 09:35:00,10.17,,United Kingdom
536009,22417,PACK OF 60 SPACEBOY CAKE CASES,120,2010-11-29 15:07:00,0.42,12415.0,Australia
531728,85039B,S/4 IVORY MINI ROSE CANDLE IN BOWL,3,2010-11-09 12:07:00,1.65,16223.0,United Kingdom
537823,21479,WHITE SKULL HOT WATER BOTTLE ,2,2010-12-08 14:25:00,7.62,,United Kingdom
534006,21327,SKULLS WRITING SET ,1,2010-11-19 14:29:00,3.36,,United Kingdom
537239,22767,TRIPLE PHOTO FRAME CORNICE ,2,2010-12-06 10:05:00,9.95,18219.0,United Kingdom
525716,21385,IVORY HANGING DECORATION  HEART,24,2010-10-06 14:34:00,0.85,14329.0,United Kingdom
535108,84378,SET OF 3 HEART COOKIE CUTTERS,3,2010-11-25 11:19:00,1.25,14963.0,United Kingdom
526867,22443,GROW YOUR OWN HERBS SET OF 3,1,2010-10-13 13:32:00,7.95,14204.0,United Kingdom
532252,22180,RETROSPOT LAMP,12,2010-11-11 12:45:00,8.5,17416.0,United Kingdom
530850,21918,SET 12 KIDS COLOUR  CHALK STICKS,5,2010-11-04 14:49:00,0.85,,United Kingdom
532419,21735,TWO DOOR CURIO CABINET,2,2010-11-12 09:18:00,25.49,,United Kingdom
527413,21705,BAG 500g SWIRLY MARBLES,12,2010-10-17 15:13:00,1.65,13131.0,United Kingdom
534083,21812,GARLAND WITH HEARTS AND BELLS,6,2010-11-21 11:52:00,4.95,13668.0,United Kingdom
536537,22800,ANTIQUE TALL SWIRLGLASS TRINKET POT,8,2010-12-01 13:51:00,3.75,15922.0,United Kingdom
524879,21929,JUMBO BAG PINK VINTAGE PAISLEY,10,2010-10-01 10:45:00,1.95,16101.0,United Kingdom
537707,22969,HOMEMADE JAM SCENTED CANDLES,12,2010-12-08 10:53:00,1.45,14032.0,United Kingdom
537154,21479,WHITE SKULL HOT WATER BOTTLE ,8,2010-12-05 13:05:00,3.75,15808.0,United Kingdom
535322,21656,RIDGED GLASS POSY VASE ,1,2010-11-25 15:19:00,3.36,,United Kingdom
534215,22296,HEART IVORY TRELLIS LARGE,12,2010-11-21 16:04:00,1.65,16600.0,United Kingdom
526056,22851,SET 20 NAPKINS FAIRY CAKES DESIGN ,12,2010-10-08 11:52:00,0.85,15080.0,United Kingdom
529157,21614,SET OF 12 ROSE BOTANICAL T-LIGHTS,1,2010-10-26 16:49:00,2.95,13969.0,United Kingdom
536587,22466,FAIRY TALE COTTAGE NIGHTLIGHT,12,2010-12-01 16:33:00,1.95,14142.0,United Kingdom
533114,22818,CARD CHRISTMAS VILLAGE,12,2010-11-16 12:22:00,0.42,14675.0,United Kingdom
537065,47566,PARTY BUNTING,5,2010-12-05 11:57:00,4.65,12567.0,France
536031,21943,CAKES AND RABBITS DESIGN FLANNEL ,1,2010-11-29 16:45:00,1.66,,United Kingdom
537141,22192,BLUE DINER WALL CLOCK,1,2010-12-05 12:57:00,8.5,15570.0,United Kingdom
534754,21802,CHRISTMAS TREE HEART DECORATION,3,2010-11-24 10:02:00,0.85,,United Kingdom
525965,82494L,WOODEN FRAME ANTIQUE WHITE ,6,2010-10-08 09:32:00,2.95,16717.0,United Kingdom
529623,84997B,RED 3 PIECE RETROSPOT CUTLERY SET,6,2010-10-29 11:49:00,3.75,15544.0,United Kingdom
531281,84990,60 GOLD AND SILVER FAIRY CAKE CASES,1,2010-11-07 11:55:00,0.55,17062.0,United Kingdom
537237,22730,ALARM CLOCK BAKELIKE IVORY,1,2010-12-06 09:58:00,7.62,,United Kingdom
527841,84947,ANTIQUE SILVER TEA GLASS ENGRAVED,6,2010-10-19 11:29:00,1.25,17219.0,United Kingdom
531727,22212,FOUR HOOK  WHITE LOVEBIRDS,6,2010-11-09 12:07:00,2.1,16477.0,United Kingdom
534709,22149,FELTCRAFT 6 FLOWER FRIENDS,11,2010-11-23 16:53:00,2.51,,United Kingdom
538634,22798,ANTIQUE GLASS DRESSING TABLE POT,4,2010-12-13 13:28:00,2.95,14085.0,United Kingdom
535810,16011,ANIMAL STICKERS,3,2010-11-28 15:14:00,0.21,16893.0,United Kingdom
527474,84997A,GREEN 3 PIECE POLKADOT CUTLERY SET,2,2010-10-18 11:25:00,3.75,17220.0,United Kingdom
525448,84270,ASSTD DESIGN BUBBLE GUM RING,30,2010-10-05 14:05:00,0.21,16938.0,United Kingdom
537221,22633,HAND WARMER UNION JACK,4,2010-12-05 15:54:00,2.1,17965.0,United Kingdom
536752,37370,RETRO COFFEE MUGS ASSORTED,6,2010-12-02 14:06:00,1.06,17850.0,United Kingdom
530509,22804,CANDLEHOLDER PINK HANGING HEART,7,2010-11-03 12:07:00,2.95,16779.0,United Kingdom
538951,20724,RED RETROSPOT CHARLOTTE BAG,1,2010-12-15 11:26:00,0.85,16782.0,United Kingdom
528577,22652,TRAVEL SEWING KIT,5,2010-10-22 13:13:00,4.21,,United Kingdom
532139,21802,CHRISTMAS TREE HEART DECORATION,21,2010-11-11 11:18:00,0.43,,United Kingdom
537240,22106,MIRROR MOSAIC HURRICANE LAMP ,1,2010-12-06 10:08:00,5.06,,United Kingdom
525075,21485,RETROSPOT HEART HOT WATER BOTTLE,1,2010-10-03 15:24:00,4.95,16782.0,United Kingdom
537240,22855,FINE WICKER HEART ,12,2010-12-06 10:08:00,2.51,,United Kingdom
534172,22748,POPPY'S PLAYHOUSE KITCHEN,10,2010-11-21 13:30:00,2.1,14800.0,United Kingdom
526992,21657,MILK BOTTLE WITH GLASS STOPPER ,3,2010-10-14 11:15:00,6.95,17720.0,United Kingdom
527392,21432,SET OF 3 CASES WOODLAND DESIGN,1,2010-10-17 13:28:00,5.95,14044.0,United Kingdom
535318,21892,TRADITIONAL WOODEN CATCH CUP GAME ,1,2010-11-25 15:01:00,1.25,13573.0,United Kingdom
527423,22574,HEART WOODEN CHRISTMAS DECORATION,12,2010-10-17 16:06:00,0.85,14755.0,United Kingdom
537608,22508,DOORSTOP RETROSPOT HEART,2,2010-12-07 13:20:00,3.75,15024.0,United Kingdom
528382,22310,IVORY KNITTED MUG COSY ,1,2010-10-21 18:01:00,3.36,,United Kingdom
536031,21774,DECORATIVE CATS BATHROOM BOTTLE,1,2010-11-29 16:45:00,2.51,,United Kingdom
539245,22693,GROW A FLYTRAP OR SUNFLOWER IN TIN,1,2010-12-16 13:25:00,1.25,,United Kingdom
531771,22891,TEA FOR ONE POLKADOT,3,2010-11-09 14:24:00,4.25,17738.0,United Kingdom
536353,22751,FELTCRAFT PRINCESS OLIVIA DOLL,4,2010-11-30 17:43:00,3.75,17160.0,United Kingdom
538853,10002,INFLATABLE POLITICAL GLOBE ,4,2010-12-14 13:35:00,0.85,16805.0,United Kingdom
531373,22243,5 HOOK HANGER RED MAGIC TOADSTOOL,1,2010-11-07 15:49:00,1.65,15996.0,United Kingdom
534244,22865,HAND WARMER OWL DESIGN,2,2010-11-22 10:59:00,2.1,16972.0,United Kingdom
535790,21285,RETROSPOT CANDLE  MEDIUM,3,2010-11-28 14:28:00,2.1,17368.0,United Kingdom
535457,84879,ASSORTED COLOUR BIRD ORNAMENT,9,2010-11-26 12:56:00,1.69,15028.0,United Kingdom
530648,22633,HAND WARMER UNION JACK,24,2010-11-04 08:41:00,2.1,14062.0,United Kingdom
535247,22386,JUMBO BAG PINK POLKADOT,30,2010-11-25 12:40:00,1.95,14824.0,United Kingdom
537240,82613C,"METAL SIGN,CUPCAKE SINGLE HOOK",1,2010-12-06 10:08:00,2.51,,United Kingdom
528130,21609,SET 12 LAVENDER  BOTANICAL T-LIGHTS,1,2010-10-20 14:59:00,2.95,13723.0,United Kingdom
533581,22147,FELTCRAFT BUTTERFLY HEARTS,1,2010-11-18 11:29:00,1.45,16445.0,United Kingdom
529298,22355,CHARLOTTE BAG SUKI DESIGN,20,2010-10-27 12:26:00,0.85,16458.0,United Kingdom
536544,22758,LARGE PURPLE BABUSHKA NOTEBOOK  ,2,2010-12-01 14:32:00,2.51,,United Kingdom
536272,22866,HAND WARMER SCOTTY DOG DESIGN,1,2010-11-30 16:01:00,2.1,15867.0,United Kingdom
539766,21253,SET OF PICTURE FRAME  STICKERS,6,2010-12-22 11:11:00,2.95,14092.0,United Kingdom
527951,84378,SET OF 3 HEART COOKIE CUTTERS,2,2010-10-19 15:36:00,2.51,,United Kingdom
526396,22591,CARDHOLDER GINGHAM CHRISTMAS TREE,2,2010-10-11 13:28:00,2.55,18109.0,United Kingdom
531387,22687,DOORMAT CHRISTMAS VILLAGE,2,2010-11-08 09:20:00,14.43,,United Kingdom
534235,21733,RED HANGING HEART T-LIGHT HOLDER,12,2010-11-22 10:28:00,2.95,13086.0,United Kingdom
532764,22812,PACK 3 BOXES CHRISTMAS PANNETONE,1,2010-11-14 14:07:00,1.95,14684.0,United Kingdom
536255,22867,HAND WARMER BIRD DESIGN,12,2010-11-30 15:02:00,2.1,13267.0,United Kingdom
531302,20654,FIRST CLASS LUGGAGE TAG ,1,2010-11-07 12:03:00,1.25,16904.0,United Kingdom
524944,22532,MAGIC DRAWING SLATE LEAP FROG ,1,2010-10-01 12:24:00,0.42,15276.0,United Kingdom
531493,84559B,3D SHEET OF CAT STICKERS,3,2010-11-08 15:12:00,0.85,17984.0,United Kingdom
539437,21947,SET OF 6 HEART CHOPSTICKS,3,2010-12-17 14:54:00,2.51,,United Kingdom
531863,22556,PLASTERS IN TIN CIRCUS PARADE ,1,2010-11-10 10:50:00,1.65,13671.0,United Kingdom
538071,21791,VINTAGE HEADS AND TAILS CARD GAME ,5,2010-12-09 14:09:00,2.51,,United Kingdom
537823,22581,WOOD STOCKING CHRISTMAS SCANDISPOT,1,2010-12-08 14:25:00,1.66,,United Kingdom
537781,21143,ANTIQUE GLASS HEART DECORATION ,2,2010-12-08 12:46:00,1.95,17341.0,United Kingdom
535944,85194S,HANGING SPRING FLOWER EGG SMALL,5,2010-11-29 11:51:00,0.65,17237.0,United Kingdom
528263,20893,HANGING BAUBLE T-LIGHT HOLDER SMALL,1,2010-10-21 11:52:00,2.55,16412.0,United Kingdom
534830,21538,DAIRY MAID  PUDDING BOWL,2,2010-11-24 13:01:00,3.75,17315.0,United Kingdom
537054,22300,COFFEE MUG DOG + BALL DESIGN,1,2010-12-05 11:40:00,2.55,16931.0,United Kingdom
535805,21328,BALLOONS  WRITING SET ,3,2010-11-28 15:04:00,1.65,15583.0,United Kingdom
532826,22078,RIBBON REEL LACE DESIGN ,1,2010-11-15 09:32:00,4.21,,United Kingdom
532642,84987,SET OF 36 TEATIME PAPER DOILIES,2,2010-11-12 17:00:00,2.98,,United Kingdom
537240,22581,WOOD STOCKING CHRISTMAS SCANDISPOT,8,2010-12-06 10:08:00,1.66,,United Kingdom
537179,22867,HAND WARMER BIRD DESIGN,48,2010-12-05 13:29:00,2.1,13767.0,United Kingdom
533473,22633,HAND WARMER UNION JACK,12,2010-11-17 12:47:00,2.1,18172.0,United Kingdom
535139,21169,YOU'RE CONFUSING ME METAL SIGN ,2,2010-11-25 11:40:00,1.69,15271.0,United Kingdom
532418,22270,HAPPY EASTER HANGING DECORATION,4,2010-11-12 09:10:00,3.75,14911.0,EIRE
529186,21976,PACK OF 60 MUSHROOM CAKE CASES,24,2010-10-26 18:44:00,0.55,12645.0,Germany
538626,22667,RECIPE BOX RETROSPOT ,2,2010-12-13 12:57:00,2.95,17338.0,United Kingdom
530437,22030,SWALLOWS GREETING CARD,12,2010-11-03 11:13:00,0.42,15915.0,United Kingdom
537666,84846A,SCENTED CANDLE IN DIGITALIS TIN,2,2010-12-07 18:36:00,4.21,,United Kingdom
533577,21623,VINTAGE UNION JACK MEMOBOARD,5,2010-11-18 11:08:00,9.95,17377.0,United Kingdom
530342,22617,BAKING SET SPACEBOY DESIGN,15,2010-11-02 15:34:00,4.95,18041.0,United Kingdom
534190,22077,6 RIBBONS RUSTIC CHARM,12,2010-11-21 14:21:00,1.65,12807.0,Sweden
525857,22407,MONEY BOX FIRST ADE DESIGN,2,2010-10-07 13:09:00,1.25,17860.0,United Kingdom
532317,21680,WOODLAND  STICKERS,24,2010-11-11 14:57:00,0.85,12803.0,Netherlands
539745,21577,SAVE THE PLANET COTTON TOTE BAG,1,2010-12-21 15:21:00,5.06,,United Kingdom
538852,22582,PACK OF 6 SWEETIE GIFT BOXES,2,2010-12-14 13:33:00,2.55,17372.0,United Kingdom
533547,22574,HEART WOODEN CHRISTMAS DECORATION,6,2010-11-17 16:48:00,0.85,16409.0,United Kingdom
533737,16237,SLEEPING CAT ERASERS,2,2010-11-18 13:55:00,0.43,,United Kingdom
537823,22739,RIBBON REEL CHRISTMAS SOCK BAUBLE,2,2010-12-08 14:25:00,3.36,,United Kingdom
537641,21258,VICTORIAN SEWING BOX LARGE,3,2010-12-07 15:32:00,25.49,,United Kingdom
528352,22283,6 EGG HOUSE PAINTED WOOD,4,2010-10-21 14:29:00,7.95,18243.0,United Kingdom
536006,21967,PACK OF 12 SKULL TISSUES,6,2010-11-29 14:38:00,0.29,17019.0,United Kingdom
525718,22754,SMALL RED BABUSHKA NOTEBOOK ,4,2010-10-06 14:40:00,0.85,,United Kingdom
527655,22865,HAND WARMER OWL DESIGN,2,2010-10-18 14:07:00,2.1,13387.0,United Kingdom
536074,84029G,KNITTED UNION FLAG HOT WATER BOTTLE,36,2010-11-30 11:00:00,3.39,14062.0,United Kingdom
538113,22585,PACK OF 6 BIRDY GIFT TAGS,12,2010-12-09 15:29:00,1.25,15811.0,United Kingdom
532642,20996,JAZZ HEARTS ADDRESS BOOK,4,2010-11-12 17:00:00,0.84,,United Kingdom
527133,20749,ASSORTED COLOUR MINI CASES,24,2010-10-15 09:33:00,6.35,12709.0,Germany
534737,48194,DOORMAT HEARTS,30,2010-11-23 19:20:00,6.75,15061.0,United Kingdom
527124,21407,BROWN CHECK CAT DOORSTOP ,37,2010-10-14 19:46:00,3.75,14088.0,United Kingdom
536769,22356,CHARLOTTE BAG PINK POLKADOT,10,2010-12-02 14:47:00,0.85,17581.0,United Kingdom
535249,22915,ASSORTED BOTTLE TOP  MAGNETS ,24,2010-11-25 12:47:00,0.42,13319.0,United Kingdom
525094,22061,LARGE CAKE STAND  HANGING STRAWBERY,4,2010-10-04 09:29:00,9.95,13305.0,United Kingdom
539434,21109,LARGE CAKE TOWEL CHOCOLATE SPOTS,2,2010-12-17 14:41:00,13.57,,United Kingdom
528125,22265,EASTER DECORATION NATURAL CHICK,5,2010-10-20 14:42:00,0.65,16903.0,United Kingdom
534187,22142,CHRISTMAS CRAFT WHITE FAIRY ,2,2010-11-21 14:10:00,1.45,16501.0,United Kingdom
537666,22621,TRADITIONAL KNITTING NANCY,1,2010-12-07 18:36:00,1.45,,United Kingdom
528383,22633,HAND WARMER UNION JACK,1,2010-10-21 18:21:00,2.1,14686.0,United Kingdom
526484,22310,IVORY KNITTED MUG COSY ,6,2010-10-12 07:49:00,1.65,17710.0,United Kingdom
535409,22156,HEART DECORATION WITH PEARLS ,10,2010-11-26 11:24:00,0.85,14507.0,United Kingdom
531243,22725,ALARM CLOCK BAKELIKE CHOCOLATE,2,2010-11-07 10:46:00,3.75,16889.0,United Kingdom
532750,22458,CAST IRON HOOK GARDEN FORK,16,2010-11-14 13:24:00,2.55,16416.0,United Kingdom
537126,22925,BLUE GIANT GARDEN THERMOMETER,1,2010-12-05 12:13:00,5.95,18118.0,United Kingdom
538524,21028,NINJA RABBIT BLACK,1,2010-12-13 09:35:00,2.51,,United Kingdom
533965,84029G,KNITTED UNION FLAG HOT WATER BOTTLE,3,2010-11-19 13:06:00,7.62,,United Kingdom
537638,21993,FLORAL FOLK STATIONERY SET,2,2010-12-07 15:28:00,2.51,,United Kingdom
526660,85014A,BLACK/BLUE POLKADOT UMBRELLA,3,2010-10-12 15:04:00,5.95,13013.0,United Kingdom
532587,22078,RIBBON REEL LACE DESIGN ,10,2010-11-12 14:28:00,2.1,15024.0,United Kingdom
538148,22441,GROW YOUR OWN BASIL IN ENAMEL MUG,1,2010-12-09 16:26:00,4.21,,United Kingdom
536945,37464,ROBOT MUG IN DISPLAY BOX,1,2010-12-03 12:24:00,1.25,14083.0,United Kingdom
533516,22699,ROSES REGENCY TEACUP AND SAUCER ,12,2010-11-17 14:53:00,2.55,16684.0,United Kingdom
532299,21086,SET/6 RED SPOTTY PAPER CUPS,4,2010-11-11 13:53:00,0.65,17954.0,United Kingdom
537160,22187,GREEN CHRISTMAS TREE CARD HOLDER,4,2010-12-05 13:18:00,4.25,14161.0,United Kingdom
539299,35004C,SET OF 3 COLOURED  FLYING DUCKS,3,2010-12-16 17:30:00,5.45,14180.0,United Kingdom
535835,21935,SUKI  SHOULDER BAG,1,2010-11-29 09:46:00,3.36,,United Kingdom
537135,85231G,ORANGE SCENTED SET/9 T-LIGHTS,2,2010-12-05 12:35:00,0.85,17059.0,United Kingdom
525706,22835,HOT WATER BOTTLE I AM SO POORLY,3,2010-10-06 13:24:00,4.65,17075.0,United Kingdom
536946,84692,BOX OF 24 COCKTAIL PARASOLS,25,2010-12-03 12:28:00,0.42,13013.0,United Kingdom
526383,85049G,CHOCOLATE BOX RIBBONS ,12,2010-10-11 12:33:00,1.25,14412.0,United Kingdom
530381,22534,MAGIC DRAWING SLATE SPACEBOY ,24,2010-11-02 16:52:00,0.42,13520.0,Switzerland
537227,85099B,JUMBO BAG RED RETROSPOT,100,2010-12-06 08:42:00,1.65,17677.0,United Kingdom
538349,22466,FAIRY TALE COTTAGE NIGHTLIGHT,1,2010-12-10 14:59:00,1.95,,United Kingdom
531690,85123a,WHITE HANGING HEART T-LIGHT HOLDER,11,2010-11-09 11:49:00,6.77,,United Kingdom
530164,79067,CORONA MEXICAN TRAY,4,2010-11-02 08:47:00,3.75,16133.0,United Kingdom
539837,48116,DOORMAT MULTICOLOUR STRIPE,1,2010-12-22 13:48:00,7.95,14532.0,United Kingdom
526906,21723,ALPHABET HEARTS STICKER SHEET,1,2010-10-13 15:22:00,0.85,16120.0,United Kingdom
534652,82482,WOODEN PICTURE FRAME WHITE FINISH,2,2010-11-23 13:26:00,2.55,14170.0,United Kingdom
527104,22111,SCOTTIE DOG HOT WATER BOTTLE,4,2010-10-14 17:09:00,4.95,14911.0,EIRE
537240,20970,PINK FLORAL FELTCRAFT SHOULDER BAG,3,2010-12-06 10:08:00,7.62,,United Kingdom
538827,22834,HAND WARMER BABUSHKA DESIGN,24,2010-12-14 12:59:00,0.85,14298.0,United Kingdom
527139,22436,12 COLOURED PARTY BALLOONS,20,2010-10-15 10:16:00,0.65,13136.0,United Kingdom
534788,22469,HEART OF WICKER SMALL,1,2010-11-24 11:25:00,1.65,16782.0,United Kingdom
528659,22197,SMALL POPCORN HOLDER,4,2010-10-24 12:44:00,0.85,15723.0,United Kingdom
538524,46776C,WOVEN FROST CUSHION COVER,2,2010-12-13 09:35:00,4.21,,United Kingdom
531900,20869,GOLD FABRIC MIRROR,1,2010-11-10 12:03:00,1.25,15031.0,United Kingdom
525448,22751,FELTCRAFT PRINCESS OLIVIA DOLL,2,2010-10-05 14:05:00,3.75,16938.0,United Kingdom
525882,22433,WATERING CAN GREEN DINOSAUR,1,2010-10-07 14:28:00,4.21,,United Kingdom
532437,22578,WOODEN STAR CHRISTMAS SCANDINAVIAN,5,2010-11-12 11:08:00,0.85,18007.0,United Kingdom
526109,21327,SKULLS WRITING SET ,1,2010-10-08 12:58:00,3.36,,United Kingdom
531789,21915,RED  HARMONICA IN BOX ,3,2010-11-09 15:07:00,1.25,15570.0,United Kingdom
533072,22194,BLACK DINER WALL CLOCK,1,2010-11-15 17:43:00,8.5,13148.0,United Kingdom
533381,22746,POPPY'S PLAYHOUSE LIVINGROOM ,1,2010-11-17 10:55:00,2.1,14417.0,United Kingdom
534510,22938,CUPCAKE LACE PAPER SET 6,12,2010-11-23 11:45:00,1.95,17237.0,United Kingdom
528145,21896,POTTING SHED TWINE,1,2010-10-20 15:56:00,4.21,,United Kingdom
530653,22666,RECIPE BOX PANTRY YELLOW DESIGN,3,2010-11-04 09:40:00,5.91,,United Kingdom
536876,22156,HEART DECORATION WITH PEARLS ,1,2010-12-03 11:36:00,1.66,,United Kingdom
534205,21067,VINTAGE RED TEATIME MUG,2,2010-11-21 15:38:00,1.25,15579.0,United Kingdom
537638,21481,FAWN BLUE HOT WATER BOTTLE,3,2010-12-07 15:28:00,5.91,,United Kingdom
538255,47570B,TEA TIME TABLE CLOTH,6,2010-12-10 12:33:00,10.65,14911.0,EIRE
528962,21114,LAVENDER SCENTED FABRIC HEART,20,2010-10-26 09:47:00,1.25,14740.0,United Kingdom
528747,90002A,FLOWER BURST SILVER RING OPAL,2,2010-10-24 14:40:00,3.75,16770.0,United Kingdom
528893,21231,SWEETHEART CERAMIC TRINKET BOX,1,2010-10-25 12:47:00,1.25,14606.0,United Kingdom
526645,22633,HAND WARMER UNION JACK,2,2010-10-12 13:33:00,2.1,17841.0,United Kingdom
536769,22083,PAPER CHAIN KIT RETROSPOT,12,2010-12-02 14:47:00,2.95,17581.0,United Kingdom
536988,20750,RED RETROSPOT MINI CASES,1,2010-12-03 15:05:00,7.95,17238.0,United Kingdom
538347,22483,RED GINGHAM TEDDY BEAR ,3,2010-12-10 14:54:00,2.95,17220.0,United Kingdom
530562,22598,CHRISTMAS MUSICAL ZINC TREE,14,2010-11-03 13:47:00,0.85,16012.0,United Kingdom
536028,22557,PLASTERS IN TIN VINTAGE PAISLEY ,6,2010-11-29 16:32:00,1.65,15555.0,United Kingdom
537889,21481,FAWN BLUE HOT WATER BOTTLE,6,2010-12-09 10:04:00,2.95,13319.0,United Kingdom
528102,22562,MONSTERS STENCIL CRAFT,7,2010-10-20 13:40:00,1.25,15572.0,United Kingdom
530332,22299,PIG KEYRING WITH LIGHT & SOUND ,2,2010-11-02 13:57:00,2.51,,United Kingdom
535313,21790,VINTAGE SNAP CARDS,24,2010-11-25 14:53:00,0.85,15514.0,United Kingdom
537354,20726,LUNCH BAG WOODLAND,2,2010-12-06 12:23:00,1.65,12748.0,United Kingdom
530905,21479,WHITE SKULL HOT WATER BOTTLE ,4,2010-11-04 15:30:00,3.75,17091.0,United Kingdom
535271,84997D,PINK 3 PIECE POLKADOT CUTLERY SET,1,2010-11-25 13:42:00,3.75,15967.0,United Kingdom
530925,20750,RED RETROSPOT MINI CASES,2,2010-11-04 16:50:00,7.95,16861.0,United Kingdom
537894,22551,PLASTERS IN TIN SPACEBOY,24,2010-12-09 10:16:00,1.65,12621.0,Germany
525025,70007,HI TEC ALPINE HAND WARMER,1,2010-10-03 12:07:00,1.65,13838.0,United Kingdom
535366,85123A,WHITE HANGING HEART T-LIGHT HOLDER,12,2010-11-25 17:42:00,2.95,14264.0,United Kingdom
531692,22485,SET OF 2 WOODEN MARKET CRATES,1,2010-11-09 11:50:00,25.49,,United Kingdom
538177,22083,PAPER CHAIN KIT RETROSPOT,4,2010-12-10 09:51:00,5.91,,United Kingdom
537224,22829,SWEETHEART WIRE WALL TIDY,2,2010-12-05 16:24:00,9.95,13174.0,United Kingdom
528511,22890,NOVELTY BISCUITS CAKE STAND 3 TIER,12,2010-10-22 12:30:00,8.5,18223.0,United Kingdom
526430,22729,ALARM CLOCK BAKELIKE ORANGE,4,2010-10-11 15:12:00,3.75,17635.0,United Kingdom
534752,21494,ROTATING LEAVES T-LIGHT HOLDER,2,2010-11-24 09:55:00,5.91,,United Kingdom
532826,22661,CHARLOTTE BAG DOLLY GIRL DESIGN,1,2010-11-15 09:32:00,1.66,,United Kingdom
538071,22419,LIPSTICK PEN RED,25,2010-12-09 14:09:00,0.85,,United Kingdom
531894,21291,SMALL POLKADOT CHOCOLATE GIFT BAG ,16,2010-11-10 12:01:00,0.85,13767.0,United Kingdom
537371,22660,DOORMAT I LOVE LONDON,2,2010-12-06 12:47:00,7.95,15028.0,United Kingdom
534401,85045,GREEN CHRISTMAS TREE STRING 20LIGHT,1,2010-11-22 13:42:00,4.95,16765.0,United Kingdom
538507,84836,ZINC METAL HEART DECORATION,12,2010-12-12 13:26:00,1.25,15547.0,United Kingdom
530818,22384,LUNCH BAG PINK POLKADOT,3,2010-11-04 13:14:00,1.65,13772.0,United Kingdom
535248,22180,RETROSPOT LAMP,3,2010-11-25 12:46:00,9.95,13319.0,United Kingdom
532019,84347,ROTATING SILVER ANGELS T-LIGHT HLDR,6,2010-11-10 13:08:00,2.55,12662.0,Germany
529510,21258,VICTORIAN SEWING BOX LARGE,2,2010-10-28 14:40:00,12.75,14911.0,EIRE
533599,21623,VINTAGE UNION JACK MEMOBOARD,4,2010-11-18 12:25:00,9.95,18055.0,United Kingdom
535799,22364,GLASS JAR DIGESTIVE BISCUITS,2,2010-11-28 14:49:00,2.95,16720.0,United Kingdom
527297,84832,ZINC WILLIE WINKIE  CANDLE STICK,24,2010-10-15 14:11:00,0.85,15615.0,United Kingdom
530422,21366,MIRRORED WALL ART PHOTO FRAMES,1,2010-11-03 09:36:00,8.47,,United Kingdom
533549,84949,SILVER HANGING T-LIGHT HOLDER,6,2010-11-17 16:59:00,1.65,14606.0,United Kingdom
537666,85132C,CHARLIE AND LOLA FIGURES TINS,1,2010-12-07 18:36:00,8.47,,United Kingdom
533079,22465,HANGING METAL STAR LANTERN,12,2010-11-16 09:13:00,1.65,16602.0,United Kingdom
537765,85039C,S/4 BLACK MINI ROSE CANDLE IN BOWL,1,2010-12-08 12:08:00,1.65,14606.0,United Kingdom
531837,84050,PINK HEART SHAPE EGG FRYING PAN,144,2010-11-10 08:56:00,1.25,13777.0,United Kingdom
538641,85123A,WHITE HANGING HEART T-LIGHT HOLDER,32,2010-12-13 14:36:00,2.55,15640.0,United Kingdom
531818,82600,NO SINGING METAL SIGN,3,2010-11-09 17:05:00,2.1,13069.0,United Kingdom
525260,22366,DOORMAT AIRMAIL ,2,2010-10-04 15:41:00,7.95,13021.0,United Kingdom
537764,22601,CHRISTMAS RETROSPOT ANGEL WOOD,1,2010-12-08 12:06:00,0.85,16893.0,United Kingdom
533947,20727,LUNCH BAG  BLACK SKULL.,1,2010-11-19 12:09:00,1.65,17862.0,United Kingdom
531382,85123A,WHITE HANGING HEART T-LIGHT HOLDER,5,2010-11-07 16:29:00,2.95,16549.0,United Kingdom
525017,47570B,TEA TIME TABLE CLOTH,2,2010-10-03 11:35:00,10.65,13014.0,United Kingdom
538351,22075,6 RIBBONS ELEGANT CHRISTMAS ,2,2010-12-10 15:17:00,4.21,,United Kingdom
539745,20655,QUEEN OF SKIES LUGGAGE TAG,1,2010-12-21 15:21:00,2.51,,United Kingdom
525928,85159A,"BLACK TEA,COFFEE,SUGAR JARS",1,2010-10-07 16:48:00,6.35,16072.0,United Kingdom
536636,22086,PAPER CHAIN KIT 50'S CHRISTMAS ,36,2010-12-02 11:23:00,2.95,15070.0,United Kingdom
539750,22551,PLASTERS IN TIN SPACEBOY,2,2010-12-21 15:40:00,4.21,,United Kingdom
536021,22119,PEACE WOODEN BLOCK LETTERS,3,2010-11-29 15:53:00,6.95,14329.0,United Kingdom
531580,22734,SET OF 6 RIBBONS VINTAGE CHRISTMAS,1,2010-11-09 10:59:00,2.55,17811.0,United Kingdom
530299,22600,CHRISTMAS RETROSPOT STAR WOOD,10,2010-11-02 12:48:00,0.85,14449.0,United Kingdom
536643,22634,CHILDS BREAKFAST SET SPACEBOY ,2,2010-12-02 11:57:00,9.95,14390.0,United Kingdom
532990,22796,PHOTO FRAME 3 CLASSIC HANGING,2,2010-11-15 14:11:00,9.95,17106.0,United Kingdom
529994,21622,VINTAGE UNION JACK CUSHION COVER,3,2010-10-31 16:26:00,4.95,16984.0,United Kingdom
537256,20685,DOORMAT RED RETROSPOT,10,2010-12-06 11:06:00,6.75,16210.0,United Kingdom
529265,22644,CERAMIC CHERRY CAKE MONEY BANK,12,2010-10-27 11:45:00,1.45,17473.0,United Kingdom
537041,21877,HOME SWEET HOME MUG,2,2010-12-05 10:36:00,1.25,16033.0,United Kingdom
530830,84944,SET OF 6 KASHMIR FOLKART BAUBLES,2,2010-11-04 13:32:00,4.25,15580.0,United Kingdom
538177,22246,MAGIC GARDEN FELT GARLAND ,1,2010-12-10 09:51:00,4.21,,United Kingdom
539374,22984,CARD GINGHAM ROSE ,12,2010-12-17 11:40:00,0.42,14769.0,United Kingdom
537773,21479,WHITE SKULL HOT WATER BOTTLE ,1,2010-12-08 12:36:00,3.75,16016.0,United Kingdom
538207,22755,SMALL PURPLE BABUSHKA NOTEBOOK ,1,2010-12-10 11:33:00,0.85,12748.0,United Kingdom
527951,20956,PORCELAIN T-LIGHT HOLDERS ASSORTED,1,2010-10-19 15:36:00,2.51,,United Kingdom
537201,22579,WOODEN TREE CHRISTMAS SCANDINAVIAN,24,2010-12-05 14:19:00,0.85,12472.0,Germany
527085,21801,CHRISTMAS TREE DECORATION WITH BELL,4,2010-10-14 15:45:00,0.42,17611.0,United Kingdom
537196,22421,LIPSTICK PEN FUSCHIA,1,2010-12-05 13:55:00,0.42,15426.0,United Kingdom
537467,22568,FELTCRAFT CUSHION OWL,2,2010-12-07 10:36:00,3.75,16059.0,United Kingdom
525753,22379,RECYCLING BAG RETROSPOT ,1,2010-10-07 10:19:00,4.21,,United Kingdom
532106,22599,CHRISTMAS MUSICAL ZINC STAR,12,2010-11-10 16:26:00,0.85,16094.0,United Kingdom
534749,20992,JAZZ HEARTS PURSE NOTEBOOK,12,2010-11-24 09:51:00,0.85,14861.0,United Kingdom
525565,22851,SET 20 NAPKINS FAIRY CAKES DESIGN ,12,2010-10-06 09:18:00,0.85,13468.0,United Kingdom
537823,22197,SMALL POPCORN HOLDER,26,2010-12-08 14:25:00,1.66,,United Kingdom
533154,22220,CAKE STAND LOVEBIRD 2 TIER WHITE,2,2010-11-16 14:01:00,9.95,13458.0,United Kingdom
539466,22644,CERAMIC CHERRY CAKE MONEY BANK,12,2010-12-19 12:46:00,1.45,12668.0,Germany
527880,22786,PILLOWCUSHION COVER PINK UNION JACK,2,2010-10-19 11:47:00,5.95,15039.0,United Kingdom
526903,22909,SET OF 20 VINTAGE CHRISTMAS NAPKINS,1,2010-10-13 15:13:00,0.85,17851.0,United Kingdom
531815,85063,CREAM SWEETHEART MAGAZINE RACK,6,2010-11-09 16:51:00,14.95,14217.0,United Kingdom
532557,21080,SET/20 RED RETROSPOT PAPER NAPKINS ,6,2010-11-12 12:49:00,0.85,13032.0,United Kingdom
539955,22114,HOT WATER BOTTLE TEA AND SYMPATHY,2,2010-12-23 12:13:00,9.32,,United Kingdom
534244,21527,RED RETROSPOT TRADITIONAL TEAPOT ,1,2010-11-22 10:59:00,7.95,16972.0,United Kingdom
528910,22840,ROUND CAKE TIN VINTAGE RED,2,2010-10-25 13:31:00,7.95,13319.0,United Kingdom
529573,85150,LADIES & GENTLEMEN METAL SIGN,12,2010-10-28 18:54:00,2.55,16242.0,United Kingdom
527889,22186,RED STAR CARD HOLDER,6,2010-10-19 12:14:00,2.95,14911.0,EIRE
537081,20967,GREY FLORAL FELTCRAFT SHOULDER BAG,16,2010-12-05 12:00:00,3.75,15332.0,Lithuania
533278,35954,SMALL FOLKART STAR CHRISTMAS DEC,48,2010-11-16 15:24:00,0.42,13439.0,United Kingdom
536874,22866,HAND WARMER SCOTTY DOG DESIGN,1,2010-12-03 11:35:00,2.1,16891.0,United Kingdom
536064,22470,HEART OF WICKER LARGE,12,2010-11-30 10:43:00,2.95,14422.0,United Kingdom
531368,47591B,SCOTTIES CHILDRENS APRON,2,2010-11-07 15:00:00,1.65,16899.0,United Kingdom
528633,82613A,"METAL SIGN,CUPCAKE SINGLE HOOK",1,2010-10-24 11:25:00,1.25,13544.0,United Kingdom
530959,22189,CREAM HEART CARD HOLDER,4,2010-11-04 18:56:00,3.95,14687.0,United Kingdom
535787,22904,CALENDAR PAPER CUT DESIGN,6,2010-11-28 14:14:00,2.95,13295.0,United Kingdom
531815,21843,RED RETROSPOT CAKE STAND,1,2010-11-09 16:51:00,10.95,14217.0,United Kingdom
539831,22423,REGENCY CAKESTAND 3 TIER,1,2010-12-22 13:17:00,12.75,14606.0,United Kingdom
532754,22509,SEWING BOX RETROSPOT DESIGN ,1,2010-11-14 13:33:00,16.95,17288.0,United Kingdom
527404,84880,WHITE WIRE EGG HOLDER,1,2010-10-17 14:30:00,5.95,14800.0,United Kingdom
535407,22549,PICTURE DOMINOES,2,2010-11-26 11:20:00,3.36,,United Kingdom
526494,21880,RED RETROSPOT TAPE,12,2010-10-12 09:31:00,0.65,17735.0,United Kingdom
528082,22746,POPPY'S PLAYHOUSE LIVINGROOM ,2,2010-10-20 12:53:00,2.1,16521.0,United Kingdom
530124,22700,BLACK AND WHITE DOG BOWL,1,2010-11-01 15:14:00,2.95,13174.0,United Kingdom
538169,22072,RED RETROSPOT TEA CUP AND SAUCER ,2,2010-12-09 19:28:00,3.75,13230.0,United Kingdom
539436,21809,CHRISTMAS HANGING TREE WITH BELL,1,2010-12-17 14:49:00,2.51,,United Kingdom
538148,22664,TOY TIDY DOLLY GIRL DESIGN,1,2010-12-09 16:26:00,4.21,,United Kingdom
533965,22386,JUMBO BAG PINK POLKADOT,2,2010-11-19 13:06:00,5.06,,United Kingdom
537395,22911,PAPER CHAIN KIT LONDON,1,2010-12-06 14:05:00,2.95,15356.0,United Kingdom
533266,22156,HEART DECORATION WITH PEARLS ,12,2010-11-16 15:14:00,0.85,12775.0,Netherlands
526905,22584,PACK OF 6 PANNETONE GIFT BOXES,6,2010-10-13 15:17:00,2.55,12900.0,United Kingdom
533877,22554,PLASTERS IN TIN WOODLAND ANIMALS,20,2010-11-19 11:37:00,1.65,16161.0,United Kingdom
525077,22729,ALARM CLOCK BAKELIKE ORANGE,3,2010-10-03 15:30:00,3.75,16485.0,United Kingdom
531231,21407,BROWN CHECK CAT DOORSTOP ,6,2010-11-05 17:24:00,4.25,,EIRE
537023,48187,DOORMAT NEW ENGLAND,1,2010-12-03 16:02:00,7.95,16725.0,United Kingdom
527505,22734,SET OF 6 RIBBONS VINTAGE CHRISTMAS,1,2010-10-18 12:25:00,2.55,17841.0,United Kingdom
535108,20974,12 PENCILS SMALL TUBE SKULL,6,2010-11-25 11:19:00,0.65,14963.0,United Kingdom
533336,84997D,PINK 3 PIECE POLKADOT CUTLERY SET,6,2010-11-16 18:10:00,3.75,12714.0,France
538078,22761,CHEST 7 DRAWER MA CAMPAGNE,1,2010-12-09 14:25:00,24.95,16255.0,United Kingdom
539958,22345,PARTY PIZZA DISH BLUE POLKADOT,14,2010-12-23 13:26:00,0.43,,United Kingdom
538071,90010B,BLACK/WHITE GLASS/SILVER BRACELET,1,2010-12-09 14:09:00,9.77,,United Kingdom
531126,20719,WOODLAND CHARLOTTE BAG,100,2010-11-05 13:20:00,0.72,15311.0,United Kingdom
538011,22745,POPPY'S PLAYHOUSE BEDROOM ,1,2010-12-09 12:24:00,2.1,14896.0,United Kingdom
533547,22943,CHRISTMAS LIGHTS 10 VINTAGE BAUBLES,2,2010-11-17 16:48:00,4.95,16409.0,United Kingdom
537369,85099B,JUMBO BAG RED RETROSPOT,1,2010-12-06 12:41:00,1.95,17860.0,United Kingdom
533348,21879,HEARTS GIFT TAPE,1,2010-11-17 09:23:00,1.66,,United Kingdom
527350,22940,FELTCRAFT CHRISTMAS FAIRY,12,2010-10-15 16:04:00,4.25,12415.0,Australia
538149,22719,GUMBALL MONOCHROME COAT RACK,1,2010-12-09 16:27:00,2.51,,United Kingdom
530346,21361,LOVE LARGE WOOD LETTERS ,4,2010-11-02 15:42:00,12.75,14733.0,United Kingdom
535427,21578,WOODLAND DESIGN  COTTON TOTE BAG,2,2010-11-26 12:05:00,2.25,15872.0,United Kingdom
525335,22124,SET OF 2 TEA TOWELS PING MICROWAVE,12,2010-10-05 11:24:00,2.95,14298.0,United Kingdom
536987,20773,BLUE PAISLEY NOTEBOOK,3,2010-12-03 14:54:00,1.65,17198.0,United Kingdom
537434,85034C,3 ROSE MORRIS BOXED CANDLES,1,2010-12-06 16:57:00,8.47,,United Kingdom
532577,20992,JAZZ HEARTS PURSE NOTEBOOK,1,2010-11-12 14:05:00,0.85,16727.0,United Kingdom
536787,71053,WHITE METAL LANTERN,6,2010-12-02 15:24:00,3.39,17850.0,United Kingdom
530060,35400,WOODEN BOX ADVENT CALENDAR ,1,2010-11-01 11:35:00,16.98,,United Kingdom
537608,22571,ROCKING HORSE RED CHRISTMAS ,5,2010-12-07 13:20:00,0.85,15024.0,United Kingdom
526214,22727,ALARM CLOCK BAKELIKE RED ,4,2010-10-10 14:17:00,3.75,12749.0,United Kingdom
537240,72807A,SET/3 ROSE CANDLE IN JEWELLED BOX,1,2010-12-06 10:08:00,8.47,,United Kingdom
535336,22773,GREEN DRAWER KNOB ACRYLIC EDWARDIAN,12,2010-11-25 16:12:00,1.25,13626.0,United Kingdom
538697,22222,CAKE PLATE LOVEBIRD WHITE,24,2010-12-14 10:18:00,1.95,13948.0,United Kingdom
532020,22908,PACK OF 20 NAPKINS RED APPLES,1,2010-11-10 13:08:00,0.85,15311.0,United Kingdom
537638,20751,FUNKY WASHING UP GLOVES ASSORTED,1,2010-12-07 15:28:00,4.21,,United Kingdom
534174,84927F,PSYCHEDELIC TILE HOOK,1,2010-11-21 13:35:00,2.1,12573.0,France
527419,21175,GIN + TONIC DIET METAL SIGN,1,2010-10-17 15:43:00,2.1,12748.0,United Kingdom
528060,21357,TOAST ITS - DINOSAUR,1,2010-10-20 12:13:00,1.25,16776.0,United Kingdom
525879,85049A,TRADITIONAL CHRISTMAS RIBBONS,12,2010-10-07 14:24:00,1.25,15228.0,United Kingdom
525727,84990,60 GOLD AND SILVER FAIRY CAKE CASES,24,2010-10-06 15:33:00,0.55,14657.0,United Kingdom
532055,22467,GUMBALL COAT RACK,3,2010-11-10 14:26:00,2.55,15529.0,United Kingdom
535967,21034,REX CASH+CARRY JUMBO SHOPPER,2,2010-11-29 12:46:00,0.95,14510.0,United Kingdom
527414,21561,DINOSAUR LUNCH BOX WITH CUTLERY,1,2010-10-17 15:16:00,2.55,15506.0,United Kingdom
527085,22652,TRAVEL SEWING KIT,3,2010-10-14 15:45:00,1.65,17611.0,United Kingdom
530381,21888,BINGO SET,4,2010-11-02 16:52:00,3.75,13520.0,Switzerland
537042,22624,IVORY KITCHEN SCALES,1,2010-12-05 10:45:00,8.5,13838.0,United Kingdom
527950,22565,FELTCRAFT HAIRBANDS PINK AND WHITE ,2,2010-10-19 15:33:00,0.85,16795.0,United Kingdom
533740,22502,PICNIC BASKET WICKER SMALL,32,2010-11-18 14:07:00,8.47,,United Kingdom
535088,22645,CERAMIC HEART FAIRY CAKE MONEY BANK,12,2010-11-25 10:05:00,1.45,17167.0,United Kingdom
533346,21703,BAG 125g SWIRLY MARBLES,12,2010-11-17 08:53:00,0.42,18256.0,United Kingdom
538071,21741,COSY SLIPPER SHOES LARGE GREEN,1,2010-12-09 14:09:00,5.91,,United Kingdom
539737,22121,NOEL WOODEN BLOCK LETTERS ,1,2010-12-21 15:19:00,11.87,,United Kingdom
538566,37482P,CUBIC MUG PINK POLKADOT,1,2010-12-13 11:21:00,16.98,,United Kingdom
537130,21591,COSY HOUR CIGAR BOX MATCHES ,2,2010-12-05 12:23:00,1.25,17796.0,United Kingdom
534321,21238,RED RETROSPOT CUP,3,2010-11-22 11:37:00,0.85,15039.0,United Kingdom
538071,22181,SNOWSTORM PHOTO FRAME FRIDGE MAGNET,1,2010-12-09 14:09:00,1.66,,United Kingdom
539731,84459A,PINK METAL CHICKEN HEART ,192,2010-12-21 15:05:00,1.25,14646.0,Netherlands
539437,22625,RED KITCHEN SCALES,1,2010-12-17 14:54:00,16.98,,United Kingdom
528383,21380,WOODEN HAPPY BIRTHDAY GARLAND,3,2010-10-21 18:21:00,2.95,14686.0,United Kingdom
534234,20679,EDWARDIAN PARASOL RED,2,2010-11-22 10:22:00,5.95,16905.0,United Kingdom
537666,22739,RIBBON REEL CHRISTMAS SOCK BAUBLE,4,2010-12-07 18:36:00,3.36,,United Kingdom
527115,22702,BLACK AND WHITE CAT BOWL,6,2010-10-14 17:51:00,2.1,14911.0,EIRE
535912,22111,SCOTTIE DOG HOT WATER BOTTLE,24,2010-11-29 11:26:00,4.25,16191.0,United Kingdom
536876,48111,DOORMAT 3 SMILEY CATS,4,2010-12-03 11:36:00,14.43,,United Kingdom
534172,22754,SMALL RED BABUSHKA NOTEBOOK ,12,2010-11-21 13:30:00,0.85,14800.0,United Kingdom
531470,21039,RED RETROSPOT SHOPPING BAG,6,2010-11-08 14:05:00,2.55,15641.0,United Kingdom
525524,21828,EIGHT PIECE SNAKE  SET,1,2010-10-05 17:55:00,1.25,15750.0,United Kingdom
538507,22339,CHRISTMAS TREE PAINTED ZINC ,22,2010-12-12 13:26:00,0.65,15547.0,United Kingdom
533338,22114,HOT WATER BOTTLE TEA AND SYMPATHY,3,2010-11-16 18:18:00,8.47,,United Kingdom
529984,84832,ZINC WILLIE WINKIE  CANDLE STICK,24,2010-10-31 15:35:00,0.85,18154.0,United Kingdom
534775,20685,DOORMAT RED RETROSPOT,2,2010-11-24 11:06:00,7.95,17633.0,United Kingdom
534800,22779,WOODEN OWLS LIGHT GARLAND ,3,2010-11-24 12:04:00,4.25,17019.0,United Kingdom
530420,22619,SET OF 6 SOLDIER SKITTLES,4,2010-11-03 09:16:00,3.75,17735.0,United Kingdom
533133,16053,POPART COL BALLPOINT PEN ASST,50,2010-11-16 12:50:00,0.21,15850.0,United Kingdom
527123,21122,SET/10 PINK POLKADOT PARTY CANDLES,24,2010-10-14 19:39:00,1.25,12694.0,France
538351,21212,PACK OF 72 RETROSPOT CAKE CASES,113,2010-12-10 15:17:00,2.13,,United Kingdom
533301,22168,ORGANISER WOOD ANTIQUE WHITE ,1,2010-11-16 16:46:00,8.5,15811.0,United Kingdom
537200,22076,6 RIBBONS EMPIRE  ,2,2010-12-05 14:17:00,1.65,15867.0,United Kingdom
537434,84422,PINK/BLUE DISC/MIRROR STRING,1,2010-12-06 16:57:00,1.66,,United Kingdom
533074,21643,ASSORTED TUTTI FRUTTI MIRROR,24,2010-11-16 07:52:00,1.06,14298.0,United Kingdom
526180,21481,FAWN BLUE HOT WATER BOTTLE,36,2010-10-10 11:42:00,2.55,16839.0,United Kingdom
533969,84946,ANTIQUE SILVER TEA GLASS ETCHED,2,2010-11-19 13:16:00,1.25,18022.0,United Kingdom
531387,22149,FELTCRAFT 6 FLOWER FRIENDS,1,2010-11-08 09:20:00,4.21,,United Kingdom
529213,22444,GROW YOUR OWN PLANT IN A CAN ,24,2010-10-27 10:32:00,1.25,15198.0,United Kingdom
527492,21125,SET 6 FOOTBALL CELEBRATION CANDLES,1,2010-10-18 11:57:00,1.25,16395.0,United Kingdom
535107,84029E,RED WOOLLY HOTTIE WHITE HEART.,24,2010-11-25 11:17:00,3.39,14680.0,United Kingdom
526916,22413,METAL SIGN TAKE IT OR LEAVE IT ,1,2010-10-13 16:20:00,5.91,,United Kingdom
537823,21821,GLITTER STAR GARLAND WITH BELLS ,1,2010-12-08 14:25:00,7.62,,United Kingdom
529837,22581,WOOD STOCKING CHRISTMAS SCANDISPOT,6,2010-10-31 12:34:00,0.85,16784.0,United Kingdom
537405,21479,WHITE SKULL HOT WATER BOTTLE ,2,2010-12-06 14:51:00,3.75,17841.0,United Kingdom
537375,84997D,PINK 3 PIECE POLKADOT CUTLERY SET,2,2010-12-06 12:55:00,3.75,17019.0,United Kingdom
536523,22468,BABUSHKA LIGHTS STRING OF 10,2,2010-12-01 12:50:00,6.75,12868.0,United Kingdom
525249,22551,PLASTERS IN TIN SPACEBOY,12,2010-10-04 14:42:00,1.65,12726.0,France
525952,21640,ASSORTED TUTTI FRUTTI  FOB NOTEBOOK,3,2010-10-07 19:03:00,0.85,14525.0,United Kingdom
532654,47503A,ASS FLORAL PRINT MULTI SCREWDRIVER,1,2010-11-14 10:56:00,1.25,17300.0,United Kingdom
530646,22470,HEART OF WICKER LARGE,12,2010-11-04 08:37:00,2.95,15270.0,United Kingdom
527561,21357,TOAST ITS - DINOSAUR,2,2010-10-18 13:30:00,1.25,14606.0,United Kingdom
537620,21012,ANTIQUE ALL GLASS CANDLESTICK,6,2010-12-07 14:00:00,2.1,13880.0,United Kingdom
529727,21217,RED RETROSPOT ROUND CAKE TINS,1,2010-10-29 14:12:00,21.23,,United Kingdom
526387,79321,CHILLI LIGHTS,1,2010-10-11 12:48:00,4.95,16005.0,United Kingdom
537354,21725,SWEETIES  STICKERS,1,2010-12-06 12:23:00,0.85,12748.0,United Kingdom
529761,79144C,PAINTED LIGHTBULB RAINBOW DESIGN,2,2010-10-29 14:43:00,0.42,,United Kingdom
538069,21587,COSY HOUR GIANT TUBE MATCHES,2,2010-12-09 14:08:00,2.55,16795.0,United Kingdom
529935,22796,PHOTO FRAME 3 CLASSIC HANGING,2,2010-10-31 14:40:00,9.95,17449.0,United Kingdom
530335,20969,RED FLORAL FELTCRAFT SHOULDER BAG,1,2010-11-02 14:02:00,3.75,17841.0,United Kingdom
532587,22086,PAPER CHAIN KIT 50'S CHRISTMAS ,4,2010-11-12 14:28:00,2.95,15024.0,United Kingdom
528166,22473,TV DINNER TRAY VINTAGE PAISLEY,6,2010-10-21 09:48:00,4.95,12586.0,Italy
536460,22670,FRENCH WC SIGN BLUE METAL,12,2010-12-01 12:22:00,1.25,14849.0,United Kingdom
524945,22952,60 CAKE CASES VINTAGE CHRISTMAS,8,2010-10-01 12:27:00,0.55,13566.0,United Kingdom
531421,48138,DOORMAT UNION FLAG,1,2010-11-08 10:44:00,7.95,15039.0,United Kingdom
528130,72814,SET OF 3 CHRISTMAS BRIAR CANDLES,2,2010-10-20 14:59:00,3.75,13723.0,United Kingdom
527789,21802,CHRISTMAS TREE HEART DECORATION,7,2010-10-19 11:10:00,0.43,,United Kingdom
537130,22926,IVORY GIANT GARDEN THERMOMETER,2,2010-12-05 12:23:00,5.95,17796.0,United Kingdom
530830,85066,CREAM SWEETHEART MINI CHEST,2,2010-11-04 13:32:00,12.75,15580.0,United Kingdom
528876,22064,PINK DOUGHNUT TRINKET POT ,12,2010-10-25 12:08:00,1.65,15370.0,United Kingdom
527370,22155,STAR DECORATION RUSTIC,6,2010-10-17 11:58:00,0.42,14479.0,United Kingdom
537808,22083,PAPER CHAIN KIT RETROSPOT,40,2010-12-08 13:23:00,2.55,15311.0,United Kingdom
525360,21239,PINK  POLKADOT CUP,4,2010-10-05 11:33:00,0.85,15039.0,United Kingdom
527886,84879,ASSORTED COLOUR BIRD ORNAMENT,8,2010-10-19 12:06:00,1.69,18277.0,United Kingdom
525088,85047,WHITE BEADED GARLAND STRING 20LIGHT,1,2010-10-03 16:04:00,6.35,17366.0,United Kingdom
533070,22271,FELTCRAFT DOLL ROSIE,1,2010-11-15 17:37:00,2.95,13148.0,United Kingdom
530432,20711,JUMBO BAG TOYS ,10,2010-11-03 10:43:00,1.95,13562.0,United Kingdom
538071,90128D,PURPLE LEAVES AND BEADS PHONE CHAR,1,2010-12-09 14:09:00,2.51,,United Kingdom
532425,22637,PIGGY BANK RETROSPOT ,6,2010-11-12 10:08:00,2.55,13065.0,United Kingdom
525102,22070,SMALL RED RETROSPOT MUG IN BOX ,18,2010-10-04 10:03:00,3.75,16652.0,United Kingdom
528874,21591,COSY HOUR CIGAR BOX MATCHES ,2,2010-10-25 11:54:00,1.25,16005.0,United Kingdom
531247,22603,CHRISTMAS RETROSPOT TREE WOOD,4,2010-11-07 10:57:00,0.85,16923.0,United Kingdom
525973,20681,PINK POLKADOT CHILDRENS UMBRELLA,2,2010-10-08 10:22:00,6.77,,United Kingdom
527688,21928,JUMBO BAG SCANDINAVIAN PAISLEY,200,2010-10-18 14:57:00,1.65,14566.0,Channel Islands
539718,84913A,SOFT PINK ROSE TOWEL ,1,2010-12-21 13:06:00,3.36,,United Kingdom
534379,22346,PARTY PIZZA DISH GREEN POLKADOT,2,2010-11-22 12:36:00,0.85,14646.0,Netherlands
536778,21257,VICTORIAN SEWING BOX MEDIUM,2,2010-12-02 15:03:00,7.95,13138.0,United Kingdom
527393,82600,NO SINGING METAL SIGN,12,2010-10-17 13:30:00,2.1,,EIRE
539750,21621,VINTAGE UNION JACK BUNTING,1,2010-12-21 15:40:00,12.72,,United Kingdom
526215,22412,METAL SIGN NEIGHBOURHOOD WITCH ,3,2010-10-10 14:18:00,2.1,17085.0,United Kingdom
535639,84029G,KNITTED UNION FLAG HOT WATER BOTTLE,2,2010-11-28 10:18:00,3.75,17243.0,United Kingdom
534859,21640,ASSORTED TUTTI FRUTTI  FOB NOTEBOOK,2,2010-11-24 13:56:00,1.66,,United Kingdom
533127,22665,RECIPE BOX BLUE SKETCHBOOK DESIGN,6,2010-11-16 12:46:00,2.95,13611.0,United Kingdom
536520,22441,GROW YOUR OWN BASIL IN ENAMEL MUG,1,2010-12-01 12:43:00,2.1,14729.0,United Kingdom
536382,22381,TOY TIDY PINK POLKADOT,50,2010-12-01 09:45:00,1.85,16098.0,United Kingdom
527359,17165D,ASS COL LARGE SAND FROG P'WEIGHT,4,2010-10-17 10:43:00,1.05,14451.0,United Kingdom
534902,22130,PARTY CONE CHRISTMAS DECORATION ,3,2010-11-24 15:09:00,0.85,17349.0,United Kingdom
536162,22585,PACK OF 6 BIRDY GIFT TAGS,98,2010-11-30 12:07:00,1.06,15939.0,United Kingdom
530060,20726,LUNCH BAG WOODLAND,1,2010-11-01 11:35:00,4.21,,United Kingdom
536876,22534,MAGIC DRAWING SLATE SPACEBOY ,3,2010-12-03 11:36:00,0.85,,United Kingdom
525855,21485,RETROSPOT HEART HOT WATER BOTTLE,6,2010-10-07 12:56:00,4.95,13871.0,United Kingdom
539437,84970L,SINGLE HEART ZINC T-LIGHT HOLDER,2,2010-12-17 14:54:00,2.13,,United Kingdom
537772,22091,EMPIRE TISSUE BOX,1,2010-12-08 12:35:00,1.25,18043.0,United Kingdom
536607,72760B,VINTAGE CREAM 3 BASKET CAKE STAND,2,2010-12-02 09:29:00,9.95,17732.0,United Kingdom
532010,22948,METAL DECORATION NAUGHTY CHILDREN ,1,2010-11-10 12:42:00,0.85,17321.0,United Kingdom
535260,22663,JUMBO BAG DOLLY GIRL DESIGN,1,2010-11-25 13:20:00,1.95,15021.0,United Kingdom
537434,21899,"KEY FOB , GARAGE DESIGN",1,2010-12-06 16:57:00,1.66,,United Kingdom
525467,21788,KIDS RAIN MAC BLUE,5,2010-10-05 14:55:00,0.85,18041.0,United Kingdom
526183,85099F,JUMBO BAG STRAWBERRY,10,2010-10-10 11:53:00,1.95,14127.0,United Kingdom
535676,21011,GLITTER SNOW PEAR TREE DECORATION,6,2010-11-28 12:14:00,1.45,15037.0,United Kingdom
534035,22219,LOVEBIRD HANGING DECORATION WHITE ,16,2010-11-19 15:50:00,0.85,13124.0,United Kingdom
534446,22178,VICTORIAN GLASS HANGING T-LIGHT,48,2010-11-22 15:38:00,1.25,15602.0,United Kingdom
538351,84997b,RED 3 PIECE RETROSPOT CUTLERY SET,14,2010-12-10 15:17:00,8.47,,United Kingdom
527338,21591,COSY HOUR CIGAR BOX MATCHES ,24,2010-10-15 15:32:00,1.25,16810.0,United Kingdom
535950,22616,PACK OF 12 LONDON TISSUES ,12,2010-11-29 12:03:00,0.29,15989.0,United Kingdom
539043,22662,LUNCH BAG DOLLY GIRL DESIGN,20,2010-12-15 15:45:00,1.65,12928.0,United Kingdom
534786,22837,HOT WATER BOTTLE BABUSHKA ,4,2010-11-24 11:21:00,4.65,15854.0,United Kingdom
526425,22501,PICNIC BASKET WICKER LARGE,16,2010-10-11 15:05:00,8.5,13113.0,United Kingdom
526665,22200,FRYING PAN PINK POLKADOT,4,2010-10-12 15:20:00,4.25,17428.0,United Kingdom
532419,22197,SMALL POPCORN HOLDER,8,2010-11-12 09:18:00,1.66,,United Kingdom
536743,21889,WOODEN BOX OF DOMINOES,1,2010-12-02 13:32:00,1.25,17964.0,United Kingdom
528184,85017A,ENVELOPE 50 ROMANTIC IMAGES,24,2010-10-21 11:10:00,0.85,15358.0,United Kingdom
526242,90145,SILVER HOOP EARRINGS WITH FLOWER,2,2010-10-11 09:18:00,5.95,14911.0,EIRE
527654,20711,JUMBO BAG TOYS ,10,2010-10-18 14:01:00,1.95,13643.0,United Kingdom
531382,22326,ROUND SNACK BOXES SET OF4 WOODLAND ,1,2010-11-07 16:29:00,2.95,16549.0,United Kingdom
537135,22597,CHRISTMAS MUSICAL ZINC HEART ,2,2010-12-05 12:35:00,0.85,17059.0,United Kingdom
537237,35954,SMALL FOLKART STAR CHRISTMAS DEC,2,2010-12-06 09:58:00,3.36,,United Kingdom
538040,22652,TRAVEL SEWING KIT,5,2010-12-09 13:08:00,1.65,16520.0,United Kingdom
537237,21889,WOODEN BOX OF DOMINOES,1,2010-12-06 09:58:00,2.51,,United Kingdom
539039,22469,HEART OF WICKER SMALL,8,2010-12-15 15:00:00,1.65,13124.0,United Kingdom
532443,22940,FELTCRAFT CHRISTMAS FAIRY,8,2010-11-12 11:31:00,4.25,12360.0,Austria
533547,72351A,SET/6 TURQUOISE BUTTERFLY T-LIGHTS,8,2010-11-17 16:48:00,2.1,16409.0,United Kingdom
536528,21731,RED TOADSTOOL LED NIGHT LIGHT,2,2010-12-01 13:17:00,1.65,15525.0,United Kingdom
536865,22501,PICNIC BASKET WICKER LARGE,1,2010-12-03 11:28:00,21.23,,United Kingdom
531808,22633,HAND WARMER UNION JACK,3,2010-11-09 16:21:00,2.1,17807.0,United Kingdom
535090,21914,BLUE HARMONICA IN BOX ,24,2010-11-25 10:11:00,1.25,13958.0,United Kingdom
536199,22536,MAGIC DRAWING SLATE PURDEY,2,2010-11-30 13:07:00,0.42,18039.0,United Kingdom
536618,22197,SMALL POPCORN HOLDER,48,2010-12-02 10:17:00,0.85,17017.0,United Kingdom
534504,21621,VINTAGE UNION JACK BUNTING,4,2010-11-23 11:35:00,8.5,14555.0,United Kingdom
527116,85099C,JUMBO  BAG BAROQUE BLACK WHITE,20,2010-10-14 17:59:00,1.95,16523.0,United Kingdom
538722,22295,HEART FILIGREE DOVE LARGE,12,2010-12-14 11:12:00,1.65,17975.0,United Kingdom
527399,22774,RED DRAWER KNOB ACRYLIC EDWARDIAN,12,2010-10-17 13:58:00,1.25,15590.0,United Kingdom
537666,22578,WOODEN STAR CHRISTMAS SCANDINAVIAN,1,2010-12-07 18:36:00,1.66,,United Kingdom
537638,70007,HI TEC ALPINE HAND WARMER,3,2010-12-07 15:28:00,3.36,,United Kingdom
537240,84637,KITCHEN FLOWER POTS WALL PLAQUE,1,2010-12-06 10:08:00,12.72,,United Kingdom
539353,82494L,WOODEN FRAME ANTIQUE WHITE ,6,2010-12-17 11:30:00,2.95,12782.0,Portugal
529888,84341B,SMALL PINK MAGIC CHRISTMAS TREE,1,2010-10-31 14:06:00,0.85,16595.0,United Kingdom
534501,22350,ILLUSTRATED CAT BOWL ,6,2010-11-23 11:26:00,2.55,18055.0,United Kingdom
534887,22519,CHILDS GARDEN BRUSH PINK,1,2010-11-24 14:55:00,2.1,16903.0,United Kingdom
530264,10002,INFLATABLE POLITICAL GLOBE ,12,2010-11-02 11:37:00,0.85,14206.0,United Kingdom
534219,22745,POPPY'S PLAYHOUSE BEDROOM ,1,2010-11-21 16:13:00,2.1,13230.0,United Kingdom
532755,21703,BAG 125g SWIRLY MARBLES,12,2010-11-14 13:38:00,0.42,17288.0,United Kingdom
535085,22111,SCOTTIE DOG HOT WATER BOTTLE,6,2010-11-25 09:48:00,4.95,12839.0,United Kingdom
533972,22897,OVEN MITT APPLES DESIGN,10,2010-11-19 13:21:00,1.45,12408.0,Belgium
534289,22437,SET OF 9 BLACK SKULL BALLOONS,3,2010-11-22 11:25:00,1.66,,United Kingdom
539451,22717,CARD DOG AND BALL ,1,2010-12-17 16:59:00,0.85,,United Kingdom
527052,22492,MINI PAINT SET VINTAGE ,72,2010-10-14 13:02:00,0.65,17311.0,United Kingdom
532146,22112,CHOCOLATE HOT WATER BOTTLE,4,2010-11-11 11:55:00,4.95,15039.0,United Kingdom
534455,22851,SET 20 NAPKINS FAIRY CAKES DESIGN ,4,2010-11-22 17:33:00,0.85,13546.0,United Kingdom
532146,84997D,PINK 3 PIECE POLKADOT CUTLERY SET,6,2010-11-11 11:55:00,3.75,15039.0,United Kingdom
537852,22207,FRYING PAN UNION FLAG,7,2010-12-08 15:56:00,4.25,17340.0,United Kingdom
530916,46126A,ELVIS WALLHANGING / CURTAIN,1,2010-11-04 16:16:00,1.25,12958.0,United Kingdom
533374,22899,CHILDREN'S APRON DOLLY GIRL ,6,2010-11-17 10:34:00,2.1,14049.0,United Kingdom
528363,84692,BOX OF 24 COCKTAIL PARASOLS,25,2010-10-21 15:38:00,0.42,14442.0,Channel Islands
538364,21584,RETROSPOT SMALL TUBE MATCHES,1,2010-12-10 17:26:00,1.65,14448.0,United Kingdom
535531,21819,GLITTER CHRISTMAS STAR ,4,2010-11-26 15:16:00,0.85,17841.0,United Kingdom
526273,21918,SET 12 KIDS COLOUR  CHALK STICKS,3,2010-10-11 11:34:00,0.42,16520.0,United Kingdom
526914,22111,SCOTTIE DOG HOT WATER BOTTLE,3,2010-10-13 16:17:00,4.95,17338.0,United Kingdom
526761,22938,CUPCAKE LACE PAPER SET 6,96,2010-10-13 10:53:00,1.65,14646.0,Netherlands
526992,21055,TOOL BOX SOFT TOY ,1,2010-10-14 11:15:00,8.95,17720.0,United Kingdom
534563,21379,CAMPHOR WOOD PORTOBELLO MUSHROOM,4,2010-11-23 12:25:00,1.25,18203.0,United Kingdom
527068,85099B,JUMBO BAG RED RETROSPOT,10,2010-10-14 14:08:00,1.95,16991.0,United Kingdom
539743,21658,GLASS  BEURRE DISH,1,2010-12-21 15:20:00,8.47,,United Kingdom
539631,22671,FRENCH LAUNDRY SIGN BLUE METAL,1,2010-12-20 15:03:00,3.36,,United Kingdom
533348,85039C,S/4 BLACK MINI ROSE CANDLE IN BOWL,3,2010-11-17 09:23:00,1.66,,United Kingdom
527789,22121,NOEL WOODEN BLOCK LETTERS ,1,2010-10-19 11:10:00,11.87,,United Kingdom
537382,22842,BISCUIT TIN VINTAGE RED,1,2010-12-06 13:13:00,6.75,16710.0,United Kingdom
526176,22907,PACK OF 20 NAPKINS PANTRY DESIGN,3,2010-10-10 11:32:00,0.85,13838.0,United Kingdom
538071,20668,DISCO BALL CHRISTMAS DECORATION,1,2010-12-09 14:09:00,0.43,,United Kingdom
537434,90173,PAIR BUTTERFLY HAIR CLIPS,1,2010-12-06 16:57:00,3.81,,United Kingdom
537434,17012B,ORIGAMI JASMINE INCENSE/CANDLE SET,1,2010-12-06 16:57:00,2.51,,United Kingdom
532613,22110,BIRD HOUSE HOT WATER BOTTLE,3,2010-11-12 15:20:00,7.62,,United Kingdom
538071,16237,SLEEPING CAT ERASERS,2,2010-12-09 14:09:00,0.43,,United Kingdom
527492,22906,12 MESSAGE CARDS WITH ENVELOPES,2,2010-10-18 11:57:00,1.65,16395.0,United Kingdom
534191,21407,BROWN CHECK CAT DOORSTOP ,2,2010-11-21 14:26:00,4.25,17036.0,United Kingdom
533000,21827,EIGHT PIECE CREEPY CRAWLIE SET,1,2010-11-15 14:49:00,1.25,16686.0,United Kingdom
537855,22968,ROSE COTTAGE KEEPSAKE BOX ,1,2010-12-08 15:59:00,9.95,15996.0,United Kingdom
539988,82613D,METAL SIGN CUPCAKE SINGLE HOOK,1,2010-12-23 16:06:00,1.25,18116.0,United Kingdom
534389,22637,PIGGY BANK RETROSPOT ,2,2010-11-22 13:02:00,5.06,,United Kingdom
539391,21717,EASTER TIN BUCKET,8,2010-12-17 11:51:00,2.55,12417.0,Belgium
525963,22574,HEART WOODEN CHRISTMAS DECORATION,12,2010-10-08 09:20:00,0.85,15598.0,United Kingdom
536544,21327,SKULLS WRITING SET ,1,2010-12-01 14:32:00,3.36,,United Kingdom
532146,84580,MOUSE TOY WITH PINK T-SHIRT,2,2010-11-11 11:55:00,3.75,15039.0,United Kingdom
532983,22111,SCOTTIE DOG HOT WATER BOTTLE,3,2010-11-15 13:54:00,4.95,14911.0,EIRE
527246,22384,LUNCH BAG PINK POLKADOT,1,2010-10-15 12:20:00,1.65,15967.0,United Kingdom
537822,84997B,RED 3 PIECE RETROSPOT CUTLERY SET,6,2010-12-08 14:22:00,3.75,13523.0,United Kingdom
536249,22114,HOT WATER BOTTLE TEA AND SYMPATHY,4,2010-11-30 14:48:00,3.95,14092.0,United Kingdom
529842,21385,IVORY HANGING DECORATION  HEART,3,2010-10-31 12:52:00,0.85,15038.0,United Kingdom
528385,21329,DINOSAURS  WRITING SET ,1,2010-10-21 18:31:00,1.65,14686.0,United Kingdom
537676,22567,20 DOLLY PEGS RETROSPOT,24,2010-12-08 09:53:00,1.25,12386.0,Australia
535789,21883,STARS GIFT TAPE ,12,2010-11-28 14:18:00,0.65,12605.0,Germany
530087,22615,PACK OF 12 CIRCUS PARADE TISSUES ,24,2010-11-01 13:33:00,0.29,16732.0,United Kingdom
527349,21262,WHITE GOOSE FEATHER CHRISTMAS TREE ,6,2010-10-15 16:00:00,2.95,16232.0,United Kingdom
532966,21469,POLKA DOT RAFFIA FOOD COVER,1,2010-11-15 12:52:00,3.75,14606.0,United Kingdom
537381,22112,CHOCOLATE HOT WATER BOTTLE,3,2010-12-06 13:13:00,4.95,14667.0,United Kingdom
533301,22569,FELTCRAFT CUSHION BUTTERFLY,3,2010-11-16 16:46:00,3.75,15811.0,United Kingdom
527403,22195,LARGE HEART MEASURING SPOONS,2,2010-10-17 14:26:00,1.65,15799.0,United Kingdom
531440,22096,PINK PAISLEY SQUARE TISSUE BOX ,1,2010-11-08 12:28:00,1.25,16470.0,United Kingdom
537707,79067,CORONA MEXICAN TRAY,8,2010-12-08 10:53:00,3.75,14032.0,United Kingdom
530140,22041,"RECORD FRAME 7"" SINGLE SIZE ",1,2010-11-01 16:45:00,5.06,,United Kingdom
534473,22468,BABUSHKA LIGHTS STRING OF 10,2,2010-11-23 10:41:00,6.75,15730.0,United Kingdom
537434,22952,60 CAKE CASES VINTAGE CHRISTMAS,6,2010-12-06 16:57:00,1.28,,United Kingdom
537050,22940,FELTCRAFT CHRISTMAS FAIRY,5,2010-12-05 11:10:00,4.25,14800.0,United Kingdom
536863,22816,CARD MOTORBIKE SANTA,12,2010-12-03 11:19:00,0.42,17967.0,United Kingdom
538151,47590A,BLUE HAPPY BIRTHDAY BUNTING,3,2010-12-09 16:28:00,5.45,16163.0,United Kingdom
537429,22659,LUNCH BOX I LOVE LONDON,2,2010-12-06 15:54:00,1.95,12748.0,United Kingdom
537390,22816,CARD MOTORBIKE SANTA,12,2010-12-06 13:47:00,0.42,16658.0,United Kingdom
525406,21991,BOHEMIAN COLLAGE STATIONERY SET,48,2010-10-05 12:02:00,1.25,17172.0,United Kingdom
536754,22558,CLOTHES PEGS RETROSPOT PACK 24 ,1,2010-12-02 14:09:00,1.49,14449.0,United Kingdom
537754,85123A,WHITE HANGING HEART T-LIGHT HOLDER,3,2010-12-08 11:16:00,2.95,16081.0,United Kingdom
538524,22423,REGENCY CAKESTAND 3 TIER,3,2010-12-13 09:35:00,25.49,,United Kingdom
531328,21351,CINAMMON & ORANGE WREATH,2,2010-11-07 12:13:00,6.75,13849.0,United Kingdom
525448,20681,PINK POLKADOT CHILDRENS UMBRELLA,2,2010-10-05 14:05:00,3.25,16938.0,United Kingdom
528967,22637,PIGGY BANK RETROSPOT ,6,2010-10-26 10:14:00,2.55,14673.0,United Kingdom
531372,22902,TOTE BAG I LOVE LONDON,12,2010-11-07 15:34:00,2.1,12476.0,Germany
538801,85184C,S/4 VALENTINE DECOUPAGE HEART BOX,24,2010-12-14 11:51:00,1.25,16083.0,United Kingdom
532107,22295,HEART FILIGREE DOVE LARGE,12,2010-11-10 16:31:00,1.65,17293.0,United Kingdom
532763,21034,REX CASH+CARRY JUMBO SHOPPER,2,2010-11-14 14:00:00,0.95,12748.0,United Kingdom
532978,85204,HANGING WOOD AND FELT FLOWER,5,2010-11-15 13:32:00,0.42,14526.0,United Kingdom
524999,22662,LUNCH BAG DOLLY GIRL DESIGN,1,2010-10-01 17:34:00,4.21,,United Kingdom
529009,21364,PEACE SMALL WOOD LETTERS,2,2010-10-26 11:36:00,6.75,16962.0,United Kingdom
528104,85063,CREAM SWEETHEART MAGAZINE RACK,1,2010-10-20 13:42:00,16.95,13842.0,United Kingdom
537638,22108,PING! MICROWAVE PLATE,1,2010-12-07 15:28:00,3.36,,United Kingdom
537691,22635,CHILDS BREAKFAST SET DOLLY GIRL ,2,2010-12-08 10:39:00,9.95,13842.0,United Kingdom
534006,84029E,RED WOOLLY HOTTIE WHITE HEART.,8,2010-11-19 14:29:00,8.47,,United Kingdom
526394,22863,SOAP DISH BROCANTE,4,2010-10-11 13:25:00,2.95,16527.0,United Kingdom
528087,21623,VINTAGE UNION JACK MEMOBOARD,3,2010-10-20 13:09:00,9.95,16521.0,United Kingdom
539708,22466,FAIRY TALE COTTAGE NIGHTLIGHT,1,2010-12-21 12:18:00,4.21,,United Kingdom
537237,72817,SET OF 2 CHRISTMAS DECOUPAGE CANDLE,2,2010-12-06 09:58:00,1.66,,United Kingdom
525458,85179A,GREEN BITTY LIGHT CHAIN,3,2010-10-05 14:45:00,9.32,,United Kingdom
526916,22629,SPACEBOY LUNCH BOX ,1,2010-10-13 16:20:00,4.21,,United Kingdom
539760,20941,FROG CANDLE,6,2010-12-21 17:16:00,1.25,17400.0,United Kingdom
536865,22200,FRYING PAN PINK POLKADOT,1,2010-12-03 11:28:00,8.47,,United Kingdom
529899,21169,YOU'RE CONFUSING ME METAL SIGN ,1,2010-10-31 14:09:00,1.69,15535.0,United Kingdom
533458,22079,RIBBON REEL HEARTS DESIGN ,1,2010-11-17 12:03:00,1.65,16006.0,United Kingdom
534364,22730,ALARM CLOCK BAKELIKE IVORY,4,2010-11-22 11:58:00,3.75,12681.0,France
535088,22646,CERAMIC STRAWBERRY CAKE MONEY BANK,12,2010-11-25 10:05:00,1.45,17167.0,United Kingdom
532801,22646,CERAMIC STRAWBERRY CAKE MONEY BANK,4,2010-11-14 14:54:00,1.45,17802.0,United Kingdom
528477,22911,PAPER CHAIN KIT LONDON,1,2010-10-22 12:02:00,2.95,18022.0,United Kingdom
533338,20972,PINK CREAM FELT CRAFT TRINKET BOX ,3,2010-11-16 18:18:00,2.51,,United Kingdom
532139,35471D,SET OF 3 BIRD LIGHT PINK FEATHER ,1,2010-11-11 11:18:00,2.51,,United Kingdom
539414,21868,POTTING SHED TEA MUG,2,2010-12-17 13:45:00,1.25,16931.0,United Kingdom
532437,21930,JUMBO STORAGE BAG SKULLS,2,2010-11-12 11:08:00,1.95,18007.0,United Kingdom
537638,84991,60 TEATIME FAIRY CAKE CASES,2,2010-12-07 15:28:00,1.28,,United Kingdom
536464,22866,HAND WARMER SCOTTY DOG DESIGN,1,2010-12-01 12:23:00,2.1,17968.0,United Kingdom
526757,84670,JAPANESE CROCHETED ANIMAL,144,2010-10-13 10:31:00,0.36,16843.0,United Kingdom
525974,22948,METAL DECORATION NAUGHTY CHILDREN ,24,2010-10-08 10:23:00,0.85,14769.0,United Kingdom
528408,84884A,ANT WHITE WIRE HEART SPIRAL,5,2010-10-22 09:10:00,3.95,14440.0,United Kingdom
528477,22748,POPPY'S PLAYHOUSE KITCHEN,1,2010-10-22 12:02:00,2.1,18022.0,United Kingdom
536967,85099B,JUMBO BAG RED RETROSPOT,30,2010-12-03 12:57:00,1.95,12600.0,Germany
525943,22412,METAL SIGN NEIGHBOURHOOD WITCH ,12,2010-10-07 17:37:00,2.1,18223.0,United Kingdom
538145,22168,ORGANISER WOOD ANTIQUE WHITE ,2,2010-12-09 16:08:00,8.5,15211.0,United Kingdom
526708,35957,SMALLFOLKART BAUBLE CHRISTMAS DEC,1,2010-10-12 16:25:00,0.42,17944.0,United Kingdom
531365,22577,WOODEN HEART CHRISTMAS SCANDINAVIAN,2,2010-11-07 14:51:00,0.85,17550.0,United Kingdom
534767,85014B,RED RETROSPOT UMBRELLA,3,2010-11-24 10:30:00,5.95,16125.0,United Kingdom
537823,84836,ZINC METAL HEART DECORATION,1,2010-12-08 14:25:00,2.51,,United Kingdom
534397,85099F,JUMBO BAG STRAWBERRY,20,2010-11-22 13:22:00,1.95,16008.0,United Kingdom
535822,22618,COOKING SET RETROSPOT,1,2010-11-28 16:04:00,9.95,17987.0,United Kingdom
536643,22650,CERAMIC PIRATE CHEST MONEY BANK,4,2010-12-02 11:57:00,1.45,14390.0,United Kingdom
534754,21803,CHRISTMAS TREE STAR DECORATION,13,2010-11-24 10:02:00,0.85,,United Kingdom
534221,20985,HEART CALCULATOR,2,2010-11-21 16:15:00,1.25,16049.0,United Kingdom
531371,22568,FELTCRAFT CUSHION OWL,3,2010-11-07 15:31:00,3.75,12867.0,United Kingdom
529934,22300,COFFEE MUG DOG + BALL DESIGN,6,2010-10-31 14:25:00,2.55,14415.0,United Kingdom
536446,21890,S/6 WOODEN SKITTLES IN COTTON BAG,2,2010-12-01 12:15:00,2.95,15983.0,United Kingdom
527393,21154,RED SPOTTY OVEN GLOVE ,10,2010-10-17 13:30:00,1.25,,EIRE
532826,22139,RETROSPOT TEA SET CERAMIC 11 PC ,1,2010-11-15 09:32:00,11.02,,United Kingdom
534501,22759,SET OF 3 NOTEBOOKS IN PARCEL,12,2010-11-23 11:26:00,1.65,18055.0,United Kingdom
527375,22356,CHARLOTTE BAG PINK POLKADOT,20,2010-10-17 12:34:00,0.85,14850.0,United Kingdom
531496,20971,PINK BLUE FELT CRAFT TRINKET BOX,1,2010-11-08 15:23:00,1.25,13738.0,United Kingdom
538177,22659,LUNCH BOX I LOVE LONDON,5,2010-12-10 09:51:00,4.21,,United Kingdom
538177,22966,GINGERBREAD MAN COOKIE CUTTER,1,2010-12-10 09:51:00,2.51,,United Kingdom
536365,22752,SET 7 BABUSHKA NESTING BOXES,2,2010-12-01 08:26:00,7.65,17850.0,United Kingdom
535835,22588,CARD HOLDER GINGHAM HEART,3,2010-11-29 09:46:00,5.06,,United Kingdom
536796,84879,ASSORTED COLOUR BIRD ORNAMENT,1,2010-12-02 15:46:00,1.69,15574.0,United Kingdom
537900,22144,CHRISTMAS CRAFT LITTLE FRIENDS,4,2010-12-09 10:45:00,2.1,15983.0,United Kingdom
532095,21390,FILIGRIS HEART WITH BUTTERFLY,8,2010-11-10 16:05:00,1.25,14651.0,United Kingdom
525879,22423,REGENCY CAKESTAND 3 TIER,2,2010-10-07 14:24:00,12.75,15228.0,United Kingdom
530018,84970S,HANGING HEART ZINC T-LIGHT HOLDER,12,2010-11-01 10:51:00,0.85,17612.0,United Kingdom
533904,20724,RED RETROSPOT CHARLOTTE BAG,3,2010-11-19 11:54:00,0.85,16936.0,United Kingdom
536544,22728,ALARM CLOCK BAKELIKE PINK,1,2010-12-01 14:32:00,7.62,,United Kingdom
526089,22274,FELTCRAFT DOLL EMILY,6,2010-10-08 12:14:00,2.95,15281.0,United Kingdom
525013,22157,ANGEL DECORATION WITH LACE PADDED,24,2010-10-03 11:15:00,0.85,14911.0,EIRE
529712,21485,RETROSPOT HEART HOT WATER BOTTLE,12,2010-10-29 13:20:00,4.95,17821.0,United Kingdom
532010,22530,MAGIC DRAWING SLATE DOLLY GIRL ,1,2010-11-10 12:42:00,0.42,17321.0,United Kingdom
529824,85123A,WHITE HANGING HEART T-LIGHT HOLDER,3,2010-10-31 11:40:00,2.95,16724.0,United Kingdom
527954,85214,TUB 24 PINK FLOWER PEGS,8,2010-10-19 16:10:00,1.65,14030.0,United Kingdom
530927,22529,MAGIC DRAWING SLATE GO TO THE FAIR ,1,2010-11-04 16:51:00,0.42,18181.0,United Kingdom
531741,22620,4 TRADITIONAL SPINNING TOPS,12,2010-11-09 12:48:00,1.25,12682.0,France
532577,22272,FELTCRAFT DOLL MARIA,2,2010-11-12 14:05:00,2.95,16727.0,United Kingdom
527444,22633,HAND WARMER UNION JACK,5,2010-10-18 09:28:00,2.1,,United Kingdom
525014,21611,SET OF 12 LILY BOTANICAL T-LIGHTS,12,2010-10-03 11:17:00,2.95,14911.0,EIRE
536027,72741,GRAND CHOCOLATECANDLE,27,2010-11-29 16:31:00,1.45,17090.0,United Kingdom
534507,22866,HAND WARMER SCOTTY DOG DESIGN,3,2010-11-23 11:43:00,2.1,17841.0,United Kingdom
528912,22475,SKULL DESIGN TV DINNER TRAY,1,2010-10-25 13:40:00,4.95,16241.0,United Kingdom
527763,22574,HEART WOODEN CHRISTMAS DECORATION,12,2010-10-19 09:04:00,0.85,16950.0,United Kingdom
533528,22299,PIG KEYRING WITH LIGHT & SOUND ,24,2010-11-17 15:08:00,1.25,15750.0,United Kingdom
536876,90214H,"LETTER ""H"" BLING KEY RING",1,2010-12-03 11:36:00,0.85,,United Kingdom
538826,18097C,WHITE TALL PORCELAIN T-LIGHT HOLDER,5,2010-12-14 12:58:00,2.55,12370.0,Cyprus
530299,22336,DOVE DECORATION PAINTED ZINC ,10,2010-11-02 12:48:00,0.65,14449.0,United Kingdom
536036,21790,VINTAGE SNAP CARDS,24,2010-11-29 17:00:00,0.85,15950.0,United Kingdom
537421,22187,GREEN CHRISTMAS TREE CARD HOLDER,1,2010-12-06 15:25:00,4.25,17218.0,United Kingdom
538011,22567,20 DOLLY PEGS RETROSPOT,2,2010-12-09 12:24:00,1.25,14896.0,United Kingdom
533004,90192,JADE DROP EARRINGS W FILIGREE,6,2010-11-15 15:03:00,4.95,17231.0,United Kingdom
526410,22598,CHRISTMAS MUSICAL ZINC TREE,24,2010-10-11 13:59:00,0.85,16735.0,United Kingdom
533964,22155,STAR DECORATION RUSTIC,2,2010-11-19 13:05:00,0.85,,United Kingdom
539728,22551,PLASTERS IN TIN SPACEBOY,12,2010-12-21 14:26:00,1.65,16270.0,United Kingdom
525826,85132A,CHARLIE + LOLA BISCUITS TINS,12,2010-10-07 11:50:00,1.95,14961.0,United Kingdom
534681,21500,PINK POLKADOT WRAP ,25,2010-11-23 14:50:00,0.42,13451.0,United Kingdom
525219,22469,HEART OF WICKER SMALL,12,2010-10-04 12:48:00,1.65,14905.0,United Kingdom
535273,22704,WRAP RED APPLES ,25,2010-11-25 13:49:00,0.42,17989.0,United Kingdom
526638,21630,FLOOR CUSHION ELEPHANT CARNIVAL,1,2010-10-12 13:19:00,18.68,,United Kingdom
532150,21890,S/6 WOODEN SKITTLES IN COTTON BAG,3,2010-11-11 12:06:00,2.95,16395.0,United Kingdom
537775,22846,BREAD BIN DINER STYLE RED ,4,2010-12-08 12:41:00,14.95,17722.0,United Kingdom
534497,20971,PINK BLUE FELT CRAFT TRINKET BOX,1,2010-11-23 11:00:00,1.25,17811.0,United Kingdom
537683,21086,SET/6 RED SPOTTY PAPER CUPS,12,2010-12-08 10:14:00,0.65,12921.0,United Kingdom
534091,21587,COSY HOUR GIANT TUBE MATCHES,3,2010-11-21 11:58:00,2.55,14499.0,United Kingdom
538942,22591,CARDHOLDER GINGHAM CHRISTMAS TREE,6,2010-12-15 11:14:00,2.55,17346.0,United Kingdom
537387,22465,HANGING METAL STAR LANTERN,12,2010-12-06 13:34:00,1.65,13468.0,United Kingdom
534319,21485,RETROSPOT HEART HOT WATER BOTTLE,3,2010-11-22 11:37:00,5.06,,United Kingdom
531741,22734,SET OF 6 RIBBONS VINTAGE CHRISTMAS,12,2010-11-09 12:48:00,2.55,12682.0,France
527404,21642,ASSORTED TUTTI FRUTTI PEN,24,2010-10-17 14:30:00,0.85,14800.0,United Kingdom
534141,21213,PACK OF 72 SKULL CAKE CASES,3,2010-11-21 12:21:00,0.55,16791.0,United Kingdom
525235,20655,QUEEN OF SKIES LUGGAGE TAG,1,2010-10-04 14:30:00,2.51,,United Kingdom
532440,22121,NOEL WOODEN BLOCK LETTERS ,1,2010-11-12 11:30:00,5.95,14994.0,United Kingdom
528765,48111,DOORMAT 3 SMILEY CATS,1,2010-10-24 16:09:00,7.95,16726.0,United Kingdom
536975,22944,CHRISTMAS METAL POSTCARD WITH BELLS,24,2010-12-03 14:04:00,1.25,14911.0,EIRE
535274,22576,SWALLOW WOODEN CHRISTMAS DECORATION,14,2010-11-25 13:51:00,0.85,14415.0,United Kingdom
538449,22095,LADS ONLY TISSUE BOX,6,2010-12-12 12:24:00,1.25,17085.0,United Kingdom
533115,22632,HAND WARMER RED RETROSPOT,12,2010-11-16 12:28:00,2.1,14655.0,United Kingdom
526867,22150,3 STRIPEY MICE FELTCRAFT,1,2010-10-13 13:32:00,1.95,14204.0,United Kingdom
534697,84946,ANTIQUE SILVER TEA GLASS ETCHED,12,2010-11-23 15:55:00,1.25,17700.0,United Kingdom
527284,85042,ANTIQUE LILY FAIRY LIGHTS,1,2010-10-15 13:43:00,4.95,12748.0,United Kingdom
530615,22630,DOLLY GIRL LUNCH BOX,1,2010-11-03 15:54:00,1.95,16712.0,United Kingdom
534672,22776,SWEETHEART CAKESTAND 3 TIER,1,2010-11-23 14:23:00,9.95,14177.0,United Kingdom
538071,90177D,DROP DIAMANTE EARRINGS PURPLE,1,2010-12-09 14:09:00,2.96,,United Kingdom
534006,21244,BLUE POLKADOT PLATE ,2,2010-11-19 14:29:00,4.21,,United Kingdom
536690,82482,WOODEN PICTURE FRAME WHITE FINISH,6,2010-12-02 12:25:00,2.1,17850.0,United Kingdom
526638,22310,IVORY KNITTED MUG COSY ,5,2010-10-12 13:19:00,3.36,,United Kingdom
533947,22837,HOT WATER BOTTLE BABUSHKA ,1,2010-11-19 12:09:00,4.65,17862.0,United Kingdom
532131,48138,DOORMAT UNION FLAG,2,2010-11-11 10:50:00,7.95,15215.0,United Kingdom
539752,22423,REGENCY CAKESTAND 3 TIER,2,2010-12-21 15:43:00,12.75,12515.0,Italy
532757,22694,WICKER STAR ,1,2010-11-14 13:42:00,2.1,17288.0,United Kingdom
530060,20831,GOLD PHOTO FRAME,1,2010-11-01 11:35:00,4.21,,United Kingdom
532642,22734,SET OF 6 RIBBONS VINTAGE CHRISTMAS,3,2010-11-12 17:00:00,5.06,,United Kingdom
528730,22743,MAKE YOUR OWN FLOWERPOWER CARD KIT,1,2010-10-24 13:28:00,2.95,13574.0,United Kingdom
526513,82600,NO SINGING METAL SIGN,2,2010-10-12 11:04:00,2.1,15039.0,United Kingdom
536394,22349,DOG BOWL CHASING BALL DESIGN,12,2010-12-01 10:39:00,3.75,13408.0,United Kingdom
537237,84029G,KNITTED UNION FLAG HOT WATER BOTTLE,3,2010-12-06 09:58:00,7.62,,United Kingdom
527397,22198,LARGE POPCORN HOLDER ,8,2010-10-17 13:40:00,1.65,17757.0,United Kingdom
536865,22659,LUNCH BOX I LOVE LONDON,2,2010-12-03 11:28:00,2.51,,United Kingdom
536381,82567,"AIRLINE LOUNGE,METAL SIGN",2,2010-12-01 09:41:00,2.1,15311.0,United Kingdom
529326,22385,JUMBO BAG SPACEBOY DESIGN,1,2010-10-27 14:14:00,1.95,13547.0,United Kingdom
532964,84032B,CHARLIE + LOLA RED HOT WATER BOTTLE,1,2010-11-15 12:43:00,2.95,15493.0,United Kingdom
532978,22507,MEMO BOARD RETROSPOT  DESIGN,1,2010-11-15 13:32:00,4.95,14526.0,United Kingdom
539437,85179C,PINK BITTY LIGHT CHAIN,1,2010-12-17 14:54:00,9.32,,United Kingdom
537441,22851,SET 20 NAPKINS FAIRY CAKES DESIGN ,4,2010-12-06 17:26:00,0.85,13564.0,United Kingdom
528169,22619,SET OF 6 SOLDIER SKITTLES,4,2010-10-21 09:55:00,3.75,13117.0,United Kingdom
530422,21931,JUMBO STORAGE BAG SUKI,1,2010-11-03 09:36:00,4.21,,United Kingdom
527192,22379,RECYCLING BAG RETROSPOT ,10,2010-10-15 11:45:00,2.1,16746.0,United Kingdom
528147,22151,PLACE SETTING WHITE HEART,24,2010-10-20 16:04:00,0.42,17038.0,United Kingdom
530941,22325,MOBILE VINTAGE HEARTS ,3,2010-11-04 17:44:00,4.95,13903.0,United Kingdom
529365,21548,CERAMIC BIRDHOUSE FINCH BLUE ROOF,1,2010-10-28 10:00:00,5.91,,United Kingdom
528868,22181,SNOWSTORM PHOTO FRAME FRIDGE MAGNET,1,2010-10-25 11:33:00,0.85,15976.0,United Kingdom
536592,20681,PINK POLKADOT CHILDRENS UMBRELLA,1,2010-12-01 17:06:00,6.77,,United Kingdom
528368,22567,20 DOLLY PEGS RETROSPOT,4,2010-10-21 16:30:00,1.25,13581.0,United Kingdom
537666,85150,LADIES & GENTLEMEN METAL SIGN,1,2010-12-07 18:36:00,5.06,,United Kingdom
526494,20979,36 PENCILS TUBE RED RETROSPOT,16,2010-10-12 09:31:00,1.25,17735.0,United Kingdom
528919,22348,TEA BAG PLATE RED RETROSPOT,2,2010-10-25 14:27:00,0.85,16259.0,United Kingdom
537199,22278,OVERNIGHT BAG VINTAGE ROSE PAISLEY,1,2010-12-05 14:06:00,4.95,15894.0,United Kingdom
535999,22379,RECYCLING BAG RETROSPOT ,1,2010-11-29 14:08:00,2.1,,United Kingdom
535330,22750,FELTCRAFT PRINCESS LOLA DOLL,4,2010-11-25 15:54:00,3.75,13534.0,United Kingdom
537604,21754,HOME BUILDING BLOCK WORD,6,2010-12-07 13:01:00,5.95,13488.0,United Kingdom
537823,22134,LADLE LOVE HEART RED ,4,2010-12-08 14:25:00,0.85,,United Kingdom
534859,22579,WOODEN TREE CHRISTMAS SCANDINAVIAN,2,2010-11-24 13:56:00,1.66,,United Kingdom
538209,21328,BALLOONS  WRITING SET ,2,2010-12-10 11:42:00,1.65,12748.0,United Kingdom
537618,71459,HANGING JAM JAR T-LIGHT HOLDER,192,2010-12-07 13:50:00,0.72,15061.0,United Kingdom
537434,21291,SMALL POLKADOT CHOCOLATE GIFT BAG ,1,2010-12-06 16:57:00,1.66,,United Kingdom
537240,22974,CHILDRENS DOLLY GIRL MUG,1,2010-12-06 10:08:00,3.36,,United Kingdom
537135,20726,LUNCH BAG WOODLAND,2,2010-12-05 12:35:00,1.65,17059.0,United Kingdom
532419,21380,WOODEN HAPPY BIRTHDAY GARLAND,1,2010-11-12 09:18:00,5.91,,United Kingdom
537192,22963,JAM JAR WITH GREEN LID,6,2010-12-05 13:42:00,0.85,16402.0,United Kingdom
532297,22947,WOODEN ADVENT CALENDAR RED,1,2010-11-11 13:50:00,16.95,13979.0,United Kingdom
528331,22489,PACK OF 12 TRADITIONAL CRAYONS,24,2010-10-21 13:39:00,0.42,,EIRE
534715,22718,CARD CAT AND TREE ,12,2010-11-23 17:43:00,0.42,17598.0,United Kingdom
526355,22577,WOODEN HEART CHRISTMAS SCANDINAVIAN,12,2010-10-11 12:18:00,0.85,17419.0,United Kingdom
535407,84946,ANTIQUE SILVER TEA GLASS ETCHED,19,2010-11-26 11:20:00,2.51,,United Kingdom
534754,85038,6 CHOCOLATE LOVE HEART T-LIGHTS,1,2010-11-24 10:02:00,4.21,,United Kingdom
537237,20622,VIPPASSPORT COVER ,1,2010-12-06 09:58:00,4.21,,United Kingdom
532033,22984,"CARD, GINGHAM ROSE ",12,2010-11-10 13:28:00,0.42,15031.0,United Kingdom
531382,21213,PACK OF 72 SKULL CAKE CASES,4,2010-11-07 16:29:00,0.55,16549.0,United Kingdom
538153,20725,LUNCH BAG RED RETROSPOT,4,2010-12-09 16:31:00,5.06,,United Kingdom
526109,21889,WOODEN BOX OF DOMINOES,14,2010-10-08 12:58:00,3.36,,United Kingdom
532986,79321,CHILLI LIGHTS,2,2010-11-15 13:58:00,4.95,17799.0,United Kingdom
536247,84945,MULTI COLOUR SILVER T-LIGHT HOLDER,384,2010-11-30 14:45:00,0.72,13199.0,United Kingdom
526462,22580,ADVENT CALENDAR GINGHAM SACK,12,2010-10-11 16:14:00,5.95,15024.0,United Kingdom
532139,20867,PINK ROSE FABRIC MIRROR,1,2010-11-11 11:18:00,2.51,,United Kingdom
535321,22631,CIRCUS PARADE LUNCH BOX ,12,2010-11-25 15:14:00,1.95,12385.0,Belgium
534902,22349,DOG BOWL CHASING BALL DESIGN,1,2010-11-24 15:09:00,3.75,17349.0,United Kingdom
525732,22895,SET OF 2 TEA TOWELS APPLE AND PEARS,6,2010-10-06 15:58:00,2.95,14156.0,EIRE
526120,22854,CREAM SWEETHEART EGG HOLDER,24,2010-10-08 13:30:00,4.25,13093.0,United Kingdom
533336,22904,CALENDAR PAPER CUT DESIGN,6,2010-11-16 18:10:00,2.95,12714.0,France
531690,22379,RECYCLING BAG RETROSPOT ,12,2010-11-09 11:49:00,5.06,,United Kingdom
526564,35591T,TURQUOISE CHRISTMAS TREE ,3,2010-10-12 11:39:00,1.25,16161.0,United Kingdom
537434,47559B,TEA TIME OVEN GLOVE,3,2010-12-06 16:57:00,2.51,,United Kingdom
526905,22585,PACK OF 6 BIRDY GIFT TAGS,24,2010-10-13 15:17:00,1.25,12900.0,United Kingdom
536876,22413,METAL SIGN TAKE IT OR LEAVE IT ,2,2010-12-03 11:36:00,5.91,,United Kingdom
536395,22188,BLACK HEART CARD HOLDER,8,2010-12-01 10:47:00,3.95,13767.0,United Kingdom
536239,21231,SWEETHEART CERAMIC TRINKET BOX,12,2010-11-30 14:30:00,1.25,12471.0,Germany
533597,22502,PICNIC BASKET WICKER SMALL,2,2010-11-18 12:21:00,5.95,15353.0,United Kingdom
535322,22696,WICKER WREATH LARGE,1,2010-11-25 15:19:00,4.21,,United Kingdom
537825,82484,WOOD BLACK BOARD ANT WHITE FINISH,2,2010-12-08 14:36:00,6.45,15005.0,United Kingdom
537351,22215,CAKE STAND WHITE TWO TIER LACE,1,2010-12-06 12:23:00,8.5,16898.0,United Kingdom
539631,22966,GINGERBREAD MAN COOKIE CUTTER,1,2010-12-20 15:03:00,2.51,,United Kingdom
525764,22424,ENAMEL BREAD BIN CREAM,2,2010-10-07 10:39:00,12.75,12511.0,Greece
534859,22964,3 PIECE SPACEBOY COOKIE CUTTER SET,6,2010-11-24 13:56:00,2.1,,United Kingdom
537666,72816,SET/3 CHRISTMAS DECOUPAGE CANDLES,3,2010-12-07 18:36:00,2.51,,United Kingdom
537640,84347,ROTATING SILVER ANGELS T-LIGHT HLDR,24,2010-12-07 15:31:00,5.91,,United Kingdom
529162,21186,WHITE DOVE HONEYCOMB PAPER GARLAND,48,2010-10-26 17:26:00,1.45,15093.0,United Kingdom
532391,22057,CERAMIC PLATE STRAWBERRY DESIGN,2,2010-11-11 19:14:00,1.49,16797.0,United Kingdom
536605,22271,FELTCRAFT DOLL ROSIE,6,2010-12-02 08:52:00,2.95,13715.0,United Kingdom
535588,84947,ANTIQUE SILVER TEA GLASS ENGRAVED,96,2010-11-26 16:09:00,1.06,15914.0,United Kingdom
536053,20971,PINK BLUE FELT CRAFT TRINKET BOX,144,2010-11-30 09:50:00,1.06,15392.0,United Kingdom
528331,21251,DINOSAUR HEIGHT CHART STICKER SET,12,2010-10-21 13:39:00,2.95,,EIRE
526200,22423,REGENCY CAKESTAND 3 TIER,1,2010-10-10 13:03:00,12.75,15266.0,United Kingdom
534870,21733,RED HANGING HEART T-LIGHT HOLDER,1,2010-11-24 14:29:00,2.95,17601.0,United Kingdom
527246,72802B,OCEAN SCENT CANDLE IN JEWELLED BOX,3,2010-10-15 12:20:00,4.25,15967.0,United Kingdom
532819,22067,CHOC TRUFFLE GOLD TRINKET POT ,2,2010-11-14 16:19:00,1.65,13230.0,United Kingdom
539099,21498,RED RETROSPOT WRAP ,25,2010-12-16 10:30:00,0.42,16670.0,United Kingdom
526749,22744,MAKE YOUR OWN MONSOON CARD KIT,6,2010-10-13 09:47:00,2.95,16643.0,United Kingdom
536183,21165,BEWARE OF THE CAT METAL SIGN ,48,2010-11-30 12:28:00,1.45,13802.0,United Kingdom
537464,22147,FELTCRAFT BUTTERFLY HEARTS,12,2010-12-07 10:14:00,1.45,14907.0,United Kingdom
528772,46000S,POLYESTER FILLER PAD 40x40cm,6,2010-10-25 09:40:00,1.45,15174.0,United Kingdom
525753,21259,VICTORIAN SEWING BOX SMALL ,1,2010-10-07 10:19:00,12.72,,United Kingdom
530796,21034,REX CASH+CARRY JUMBO SHOPPER,1,2010-11-04 12:27:00,0.95,16391.0,United Kingdom
538881,21041,RED RETROSPOT OVEN GLOVE DOUBLE,1,2010-12-14 15:54:00,5.91,,United Kingdom
534712,22725,ALARM CLOCK BAKELIKE CHOCOLATE,4,2010-11-23 17:13:00,3.75,14202.0,United Kingdom
536707,21217,RED RETROSPOT ROUND CAKE TINS,1,2010-12-02 12:33:00,9.95,12915.0,United Kingdom
536634,21080,SET/20 RED RETROSPOT PAPER NAPKINS ,52,2010-12-02 11:21:00,0.85,18041.0,United Kingdom
536782,22341,LOVE GARLAND PAINTED ZINC ,12,2010-12-02 15:18:00,1.65,17567.0,United Kingdom
528577,21670,BLUE SPOT CERAMIC DRAWER KNOB,12,2010-10-22 13:13:00,3.36,,United Kingdom
533144,22728,ALARM CLOCK BAKELIKE PINK,4,2010-11-16 13:33:00,3.75,12567.0,France
533351,22563,HAPPY STENCIL CRAFT,12,2010-11-17 09:53:00,1.25,14776.0,United Kingdom
531493,22614,PACK OF 12 SPACEBOY TISSUES,12,2010-11-08 15:12:00,0.29,17984.0,United Kingdom
533737,71143,SILVER BOOK MARK WITH BEADS,4,2010-11-18 13:55:00,2.51,,United Kingdom
534178,21588,RETROSPOT GIANT TUBE MATCHES,2,2010-11-21 13:46:00,2.55,17244.0,United Kingdom
532748,21258,VICTORIAN SEWING BOX LARGE,1,2010-11-14 13:19:00,12.75,16074.0,United Kingdom
538177,90070,RUBY GLASS CLUSTER BRACELET,1,2010-12-10 09:51:00,6.37,,United Kingdom
536532,22615,PACK OF 12 CIRCUS PARADE TISSUES ,48,2010-12-01 13:24:00,0.29,12433.0,Norway
525972,22900, SET 2 TEA TOWELS I LOVE LONDON ,1,2010-10-08 10:22:00,4.21,,United Kingdom
537225,20765,CHRYSANTHEMUM SKETCHBOOK ,1,2010-12-05 16:41:00,3.75,12748.0,United Kingdom
537604,82552,WASHROOM METAL SIGN,12,2010-12-07 13:01:00,1.45,13488.0,United Kingdom
532663,48129,DOORMAT TOPIARY,2,2010-11-14 11:32:00,7.95,14936.0,Channel Islands
526244,22185,SLATE TILE NATURAL HANGING,24,2010-10-11 09:40:00,1.65,16325.0,United Kingdom
532613,22378,WALL TIDY RETROSPOT ,1,2010-11-12 15:20:00,5.06,,United Kingdom
527044,22837,HOT WATER BOTTLE BABUSHKA ,8,2010-10-14 12:41:00,4.65,13756.0,United Kingdom
537403,22196,SMALL HEART MEASURING SPOONS,1,2010-12-06 14:43:00,0.85,17191.0,United Kingdom
538177,22835,HOT WATER BOTTLE I AM SO POORLY,4,2010-12-10 09:51:00,9.32,,United Kingdom
533737,21906,PHARMACIE FIRST AID TIN,1,2010-11-18 13:55:00,13.57,,United Kingdom
531513,22812,PACK 3 BOXES CHRISTMAS PANNETONE,7,2010-11-08 16:31:00,1.95,18098.0,United Kingdom
530850,20977,36 PENCILS TUBE WOODLAND,1,2010-11-04 14:49:00,2.51,,United Kingdom
539434,82494L,WOODEN FRAME ANTIQUE WHITE ,1,2010-12-17 14:41:00,7.62,,United Kingdom
537671,82486,WOOD S/3 CABINET ANT WHITE FINISH,2,2010-12-08 09:20:00,7.95,13267.0,United Kingdom
536592,21520,BOOZE & WOMEN GREETING CARD ,1,2010-12-01 17:06:00,0.85,,United Kingdom
528326,22309,TEA COSY RED  STRIPE,1,2010-10-21 13:07:00,2.55,13195.0,United Kingdom
532647,22595,CHRISTMAS GINGHAM HEART,12,2010-11-14 10:11:00,0.85,17243.0,United Kingdom
526708,22480,RED TEA TOWEL CLASSIC DESIGN,3,2010-10-12 16:25:00,1.25,17944.0,United Kingdom
537881,21741,COSY SLIPPER SHOES LARGE GREEN,18,2010-12-09 09:23:00,2.95,15513.0,United Kingdom
537823,22651,GENTLEMAN SHIRT REPAIR KIT ,1,2010-12-08 14:25:00,1.66,,United Kingdom
528086,85123A,WHITE HANGING HEART T-LIGHT HOLDER,6,2010-10-20 13:08:00,2.95,15602.0,United Kingdom
532965,22677,FRENCH BLUE METAL DOOR SIGN 2,1,2010-11-15 12:50:00,1.25,15466.0,United Kingdom
532128,21116,OWL DOORSTOP,3,2010-11-11 10:41:00,4.95,17688.0,United Kingdom
537666,21792,CLASSIC FRENCH STYLE BASKET GREEN ,1,2010-12-07 18:36:00,13.57,,United Kingdom
538635,22573,STAR WOODEN CHRISTMAS DECORATION,7,2010-12-13 13:32:00,0.85,17303.0,United Kingdom
537823,90059A,DIAMANTE HAIR GRIP PACK/2 CRYSTAL,1,2010-12-08 14:25:00,1.69,,United Kingdom
533794,22412,METAL SIGN NEIGHBOURHOOD WITCH ,1,2010-11-18 18:16:00,2.1,16907.0,United Kingdom
527759,21011,GLITTER SNOW PEAR TREE DECORATION,1,2010-10-18 17:11:00,1.45,14572.0,United Kingdom
536409,21326,AGED GLASS SILVER T-LIGHT HOLDER,12,2010-12-01 11:45:00,0.65,17908.0,United Kingdom
538901,21485,RETROSPOT HEART HOT WATER BOTTLE,6,2010-12-15 09:58:00,4.95,17629.0,United Kingdom
526756,85114B,IVORY ENCHANTED FOREST PLACEMAT,12,2010-10-13 10:29:00,1.65,12424.0,Australia
532119,21791,VINTAGE HEADS AND TAILS CARD GAME ,24,2010-11-11 09:02:00,1.25,13199.0,United Kingdom
533462,90210B,CLEAR ACRYLIC FACETED BANGLE,1,2010-11-17 12:15:00,2.95,17349.0,United Kingdom
537434,22069,BROWN  PIRATE TREASURE CHEST ,1,2010-12-06 16:57:00,3.36,,United Kingdom
532585,20719,WOODLAND CHARLOTTE BAG,30,2010-11-12 14:28:00,0.72,15061.0,United Kingdom
527728,85131A,BEADED PEARL HEART WHITE ON STICK,10,2010-10-18 15:44:00,0.85,,United Kingdom
538071,20803,SMALL PINK GLASS SUNDAE DISH,1,2010-12-09 14:09:00,3.36,,United Kingdom
538808,22711,WRAP CIRCUS PARADE,25,2010-12-14 12:11:00,0.42,14057.0,United Kingdom
539631,22627,MINT KITCHEN SCALES,1,2010-12-20 15:03:00,16.98,,United Kingdom
538349,85169B,BLACK LOVE BIRD CANDLE,2,2010-12-10 14:59:00,2.51,,United Kingdom
536784,48187,DOORMAT NEW ENGLAND,30,2010-12-02 15:20:00,6.75,15061.0,United Kingdom
527021,84997C,BLUE 3 PIECE POLKADOT CUTLERY SET,10,2010-10-14 11:52:00,3.75,14680.0,United Kingdom
537463,22300,COFFEE MUG DOG + BALL DESIGN,12,2010-12-07 10:08:00,2.55,12681.0,France
538071,21677,HEARTS  STICKERS,1,2010-12-09 14:09:00,1.66,,United Kingdom
534389,84913A,SOFT PINK ROSE TOWEL ,4,2010-11-22 13:02:00,3.36,,United Kingdom
536324,22629,SPACEBOY LUNCH BOX ,128,2010-11-30 16:25:00,1.65,14646.0,Netherlands
533115,22622,BOX OF VINTAGE ALPHABET BLOCKS,2,2010-11-16 12:28:00,9.95,14655.0,United Kingdom
525205,22734,SET OF 6 RIBBONS VINTAGE CHRISTMAS,6,2010-10-04 12:38:00,2.55,14353.0,United Kingdom
533133,90098,NECKLACE+BRACELET PINK BUTTERFLY,1,2010-11-16 12:50:00,2.55,15850.0,United Kingdom
532106,21533,RETROSPOT LARGE MILK JUG,3,2010-11-10 16:26:00,4.95,16094.0,United Kingdom
528966,22489,PACK OF 12 TRADITIONAL CRAYONS,24,2010-10-26 10:03:00,0.42,16863.0,United Kingdom
529850,21479,WHITE SKULL HOT WATER BOTTLE ,2,2010-10-31 13:35:00,3.75,16788.0,United Kingdom
532807,21212,PACK OF 72 RETROSPOT CAKE CASES,1,2010-11-14 15:17:00,0.55,17841.0,United Kingdom
535831,21714,CITRONELLA CANDLE GARDEN POT,12,2010-11-29 09:38:00,1.25,12767.0,Korea
529318,22841,ROUND CAKE TIN VINTAGE GREEN,2,2010-10-27 13:47:00,7.95,14639.0,United Kingdom
530140,17084N,FAIRY DREAMS INCENSE ,1,2010-11-01 16:45:00,0.43,,United Kingdom
527958,21259,VICTORIAN SEWING BOX SMALL ,4,2010-10-19 16:39:00,5.95,17576.0,United Kingdom
528390,22838,3 TIER CAKE TIN RED AND CREAM,8,2010-10-21 18:38:00,12.75,13093.0,United Kingdom
526614,22865,HAND WARMER OWL DESIGN,12,2010-10-12 12:22:00,2.1,13590.0,United Kingdom
531834,22112,CHOCOLATE HOT WATER BOTTLE,9,2010-11-09 18:58:00,4.95,13506.0,United Kingdom
527149,22297,HEART IVORY TRELLIS SMALL,24,2010-10-15 11:07:00,1.25,15817.0,United Kingdom
536255,84836,ZINC METAL HEART DECORATION,12,2010-11-30 15:02:00,1.25,13267.0,United Kingdom
537126,22917,HERB MARKER ROSEMARY,2,2010-12-05 12:13:00,0.65,18118.0,United Kingdom
539631,22355,CHARLOTTE BAG SUKI DESIGN,1,2010-12-20 15:03:00,1.66,,United Kingdom
536787,82494L,WOODEN FRAME ANTIQUE WHITE ,6,2010-12-02 15:24:00,2.55,17850.0,United Kingdom
525733,22556,PLASTERS IN TIN CIRCUS PARADE ,2,2010-10-06 16:17:00,1.65,17006.0,United Kingdom
537823,84692,BOX OF 24 COCKTAIL PARASOLS,1,2010-12-08 14:25:00,0.85,,United Kingdom
532678,22659,LUNCH BOX I LOVE LONDON,12,2010-11-14 12:14:00,1.95,15203.0,United Kingdom
536973,82580,BATHROOM METAL SIGN,25,2010-12-03 13:43:00,0.55,17787.0,United Kingdom
527841,22910,PAPER CHAIN KIT VINTAGE CHRISTMAS,2,2010-10-19 11:29:00,2.95,17219.0,United Kingdom
536525,21324,HANGING MEDINA LANTERN SMALL,2,2010-12-01 12:54:00,2.95,14078.0,United Kingdom
533462,85107,CUT GLASS T-LIGHT HOLDER OCTAGON,12,2010-11-17 12:15:00,2.55,17349.0,United Kingdom
528382,84836,ZINC METAL HEART DECORATION,1,2010-10-21 18:01:00,2.51,,United Kingdom
528613,84988,SET OF 72 PINK HEART PAPER DOILIES,1,2010-10-22 15:57:00,2.98,,United Kingdom
528985,22442,GROW YOUR OWN FLOWERS SET OF 3,2,2010-10-26 11:07:00,7.95,13363.0,United Kingdom
538524,21288,STRIPEY CHOCOLATE NESTING BOXES,1,2010-12-13 09:35:00,5.91,,United Kingdom
537136,21034,REX CASH+CARRY JUMBO SHOPPER,2,2010-12-05 12:42:00,0.95,12748.0,United Kingdom
528645,21452,TOADSTOOL MONEY BOX,4,2010-10-24 12:14:00,2.95,15994.0,United Kingdom
539400,22593,CHRISTMAS GINGHAM STAR,12,2010-12-17 12:00:00,0.85,12971.0,United Kingdom
534709,21212,PACK OF 72 RETROSPOT CAKE CASES,4,2010-11-23 16:53:00,1.28,,United Kingdom
